offset,pre_x,pre_y,pre_z,post_x,post_y,post_z,scores,cleft_scores,segmentid_pre,segmentid_post,pre_svid,post_svid,pre_id,post_id,x,y,z,partner,Tags,flywire.id
109458,575592,199876,74400,575680,199856,74400,369.604156494141,130,2792324193,3441685960,"=""80504798478550994""","=""80504798478560410""","=""720575940616852894""","=""720575940616046363""",575592,199876,74400,"=""720575940616852894""",FALSE,"="""""
115317,579784,200020,74040,579836,200108,74080,326.681762695312,149,2790402780,3311176819,"=""80575167222713264""","=""80575167222706446""","=""720575940624804248""","=""720575940616046363""",579784,200020,74040,"=""720575940624804248""",FALSE,"="""""
115365,578636,200540,74200,578552,200468,74200,674.467041015625,136,2922193536,3311176819,"=""80575167222710565""","=""80575167222709217""","=""720575940612337575""","=""720575940616046363""",578636,200540,74200,"=""720575940612337575""",FALSE,"="""""
115442,577112,200252,74600,577076,200376,74600,497.51220703125,148,2659892065,3311818327,"=""80575167222703708""","=""80575167222739722""","=""720575940610903062""","=""720575940616046363""",577112,200252,74600,"=""720575940610903062""",FALSE,"="""""
125981,581228,199868,73960,581192,199920,74000,141.257019042969,129,0,3311176819,"=""80645535966856742""","=""80645535966862223""","=""720575940613725708""","=""720575940616046363""",581228,199868,73960,"=""720575940613725708""",FALSE,"="""""
126869,585628,200796,74880,585588,200868,74960,73.4340209960938,144,2660530240,3311176819,"=""80715904711078516""","=""80715904711087208""","=""720575940618976297""","=""720575940616046363""",585628,200796,74880,"=""720575940618976297""",FALSE,"="""""
126873,585604,200800,75000,585664,200856,75040,175.36213684082,70,2660530240,3311176819,"=""80715904711078516""","=""80715904711087208""","=""720575940618976297""","=""720575940616046363""",585604,200800,75000,"=""720575940618976297""",FALSE,"="""""
126878,585144,200540,75040,585144,200648,75040,12.4208364486694,106,0,3311176819,"=""80645535966899197""","=""80645535966896191""","=""720575940618976297""","=""720575940616046363""",585144,200540,75040,"=""720575940618976297""",FALSE,"="""""
136191,578408,204268,74520,578324,204164,74520,667.639221191406,148,2527458123,3311818327,"=""80575235942179949""","=""80575235942193761""","=""720575940628113292""","=""720575940616046363""",578408,204268,74520,"=""720575940628113292""",FALSE,"="""""
636996,576700,201208,75440,576600,201188,75440,562.874694824219,144,2528097786,3311818327,"=""80504798478589746""","=""80504798478569793""","=""720575940628115084""","=""720575940616046363""",576700,201208,75440,"=""720575940628115084""",FALSE,"="""""
644643,579792,203728,74080,579760,203624,74120,284.011352539062,140,3312456253,3311818327,"=""80575235942172350""","=""80575235942187710""","=""720575940624804248""","=""720575940616046363""",579792,203728,74080,"=""720575940624804248""",FALSE,"="""""
644679,579752,203720,74160,579696,203620,74160,26.8699207305908,84,3312456253,3311818327,"=""80575235942186402""","=""80575235942187710""","=""720575940624804248""","=""720575940616046363""",579752,203720,74160,"=""720575940624804248""",FALSE,"="""""
644686,579744,203712,74200,579696,203592,74200,39.4547920227051,26,3312456253,3311818327,"=""80575235942172350""","=""80575235942187710""","=""720575940624804248""","=""720575940616046363""",579744,203712,74200,"=""720575940624804248""",FALSE,"="""""
644768,578624,203512,74520,578616,203664,74520,475.477172851562,148,3442329180,3311818327,"=""80575235942178534""","=""80575235942187679""","=""720575940628113292""","=""720575940616046363""",578624,203512,74520,"=""720575940628113292""",FALSE,"="""""
644863,577912,203864,75040,577788,203856,74960,475.873413085938,143,2660530240,3311818327,"=""80575235942221955""","=""80575235942203662""","=""720575940618976297""","=""720575940616046363""",577912,203864,75040,"=""720575940618976297""",FALSE,"="""""
655279,580148,203676,74200,580172,203568,74200,781.618713378906,149,0,3311818327,"=""80575235942191405""","=""80575235942172274""","=""720575940624804248""","=""720575940616046363""",580148,203676,74200,"=""720575940624804248""",FALSE,"="""""
656157,586092,201092,75040,586024,201016,75040,409.946807861328,126,2792324193,3311176819,"=""80715904711084747""","=""80715904711090712""","=""720575940616852894""","=""720575940616046363""",586092,201092,75040,"=""720575940616852894""",TRUE,"="""""
704174,578736,215164,74000,578784,215088,74040,337.600952148438,165,0,0,"=""80575373381141967""","=""80575373381153890""","=""720575940628113292""","=""720575940616046363""",578736,215164,74000,"=""720575940628113292""",FALSE,"="""""
704193,578680,215308,74040,578676,215372,74120,242.089904785156,176,0,3444889873,"=""80575442100599091""","=""80575442100625321""","=""720575940628113292""","=""720575940616046363""",578680,215308,74040,"=""720575940628113292""",FALSE,"="""""
704194,577948,215352,74040,577888,215416,74080,455.209777832031,50,2527458123,3444889873,"=""80575442100614457""","=""80575442100620931""","=""720575940628113292""","=""720575940616046363""",577948,215352,74040,"=""720575940628113292""",FALSE,"="""""
704262,578556,215212,74600,578520,215216,74440,13.3801307678223,178,0,3444889873,"=""80575373381171283""","=""80575373381159702""","=""720575940618976297""","=""720575940616046363""",578556,215212,74600,"=""720575940618976297""",FALSE,"="""""
704263,578540,215216,74600,578504,215244,74440,6.66879177093506,174,0,3444889873,"=""80575373381171283""","=""80575442100624160""","=""720575940618976297""","=""720575940616046363""",578540,215216,74600,"=""720575940618976297""",FALSE,"="""""
704270,578572,215184,74600,578564,215152,74480,378.233581542969,175,2660530240,3444889873,"=""80575373381171283""","=""80575373381159702""","=""720575940618976297""","=""720575940616046363""",578572,215184,74600,"=""720575940618976297""",FALSE,"="""""
704374,578536,215844,75040,578480,215900,75000,397.834655761719,135,0,3445526292,"=""80575442100651587""","=""80575442100641720""","=""720575940618976297""","=""720575940616046363""",578536,215844,75040,"=""720575940618976297""",FALSE,"="""""
704470,578772,213936,75520,578684,214016,75480,291.571594238281,143,3313735591,3444886644,"=""80575373381197579""","=""80575373381207762""","=""720575940613725708""","=""720575940616046363""",578772,213936,75520,"=""720575940613725708""",FALSE,"="""""
704480,578864,213964,75600,578812,214080,75600,358.8173828125,134,3313735591,3444886644,"=""80575373381197579""","=""80575373381208992""","=""720575940613725708""","=""720575940616046363""",578864,213964,75600,"=""720575940613725708""",TRUE,"="""""
714479,581076,214920,74160,581112,214824,74160,640.819030761719,145,2659892065,3444889873,"=""80575373381156840""","=""80575373381166755""","=""720575940610903062""","=""720575940616046363""",581076,214920,74160,"=""720575940610903062""",TRUE,"="""""
714507,580268,214988,74200,580232,214948,74160,157.128021240234,40,2659892065,3444889873,"=""80575373381139251""","=""80575373381152619""","=""720575940610903062""","=""720575940616046363""",580268,214988,74200,"=""720575940610903062""",FALSE,"="""""
714523,580240,215000,74200,580152,214972,74200,141.557189941406,137,2659892065,3444889873,"=""80575373381148596""","=""80575373381152619""","=""720575940610903062""","=""720575940616046363""",580240,215000,74200,"=""720575940610903062""",TRUE,"="""""
714603,581172,214444,74560,581228,214556,74520,628.969665527344,142,2790402780,3444889873,"=""80575373381171086""","=""80645742125370629""","=""720575940624804248""","=""720575940616046363""",581172,214444,74560,"=""720575940624804248""",TRUE,"="""""
714618,581860,214448,74560,581812,214412,74600,186.263595581055,125,2792324193,3444889873,"=""80645742125358367""","=""80645742125376647""","=""720575940616852894""","=""720575940616046363""",581860,214448,74560,"=""720575940616852894""",FALSE,"="""""
714684,582176,214252,74960,582048,214248,74960,723.745971679688,144,2528097786,3444889873,"=""80645742125396899""","=""80645742125376647""","=""720575940628115084""","=""720575940616046363""",582176,214252,74960,"=""720575940628115084""",FALSE,"="""""
714696,581484,214064,74960,581552,214068,74920,19.1070613861084,115,2790402780,3444889873,"=""80645742125382517""","=""80645742125381073""","=""720575940624804248""","=""720575940616046363""",581484,214064,74960,"=""720575940624804248""",FALSE,"="""""
714703,581480,214076,74920,581604,214060,74960,186.291229248047,136,0,3444889873,"=""80645742125382517""","=""80645742125381073""","=""720575940624804248""","=""720575940616046363""",581480,214076,74920,"=""720575940624804248""",TRUE,"="""""
769394,576564,213692,74640,576596,213592,74640,157.058197021484,143,2527458123,3444886574,"=""80505004636968242""","=""80505004636972251""","=""720575940628113292""","=""720575940616046363""",576564,213692,74640,"=""720575940628113292""",FALSE,"="""""
769402,576524,213692,74680,576508,213612,74720,279.95458984375,138,2527458123,3444886574,"=""80505004636972257""","=""80505004636972251""","=""720575940628113292""","=""720575940616046363""",576524,213692,74680,"=""720575940628113292""",FALSE,"="""""
769436,576324,213580,74920,576392,213620,74920,45.3219871520996,146,2528735655,3444884894,"=""80505004636984083""","=""80505004636976165""","=""720575940619059497""","=""720575940616046363""",576324,213580,74920,"=""720575940619059497""",TRUE,"="""""
770155,589628,210864,75000,589656,210780,75000,932.479736328125,144,2659892065,0,"=""80786410894235176""","=""80786410894216436""","=""720575940610903062""","=""720575940616046363""",589628,210864,75000,"=""720575940610903062""",FALSE,"="""""
777257,577940,213236,74920,578004,213332,74920,235.226928710938,147,0,3444886574,"=""80575373381196056""","=""80575373381188250""","=""720575940610903062""","=""720575940616046363""",577940,213236,74920,"=""720575940610903062""",FALSE,"="""""
783610,589864,210784,74600,589848,210680,74640,81.9519348144531,95,2659892065,3444255305,"=""80786410894211027""","=""80786410894216436""","=""720575940610903062""","=""720575940616046363""",589864,210784,74600,"=""720575940610903062""",FALSE,"="""""
783649,589764,210588,74880,589716,210680,74920,428.058776855469,142,2791042904,3444255305,"=""80786410894205719""","=""80786410894216436""","=""720575940629359076""","=""720575940616046363""",589764,210588,74880,"=""720575940629359076""",TRUE,"="""""
999743,589600,209484,75520,589688,209524,75520,250.741333007812,142,3313742706,3444255491,"=""80786410894223523""","=""80786410894244650""","=""720575940613725708""","=""720575940616046363""",589600,209484,75520,"=""720575940613725708""",TRUE,"="""""
999773,589828,209764,75480,589804,209696,75560,189.516448974609,38,3444255441,3444255491,"=""80786410894235037""","=""80786410894244643""","=""720575940629359076""","=""720575940616046363""",589828,209764,75480,"=""720575940629359076""",TRUE,"="""""
13379782,576232,206968,64040,576140,207024,64040,407.891052246094,148,2659248533,2921555484,"=""80504867197691893""","=""80504867197690592""","=""720575940616852894""","=""720575940616046363""",576232,206968,64040,"=""720575940616852894""",FALSE,"="""""
13379858,576020,207016,64480,575976,206912,64480,698.686645507812,127,2527458123,2921553923,"=""80504867197722912""","=""80504867197690592""","=""720575940628113292""","=""720575940616046363""",576020,207016,64480,"=""720575940628113292""",TRUE,"="""""
13911156,578492,213828,64280,578376,213844,64280,850.237731933594,150,2922835032,2268992762,"=""80575373380825528""","=""80575373380829077""","=""720575940610903062""","=""720575940616046363""",578492,213828,64280,"=""720575940610903062""",FALSE,"="""""
13911209,578472,213992,64440,578356,214016,64400,347.392608642578,146,2922835032,2268992762,"=""80575373380825528""","=""80575373380829077""","=""720575940610903062""","=""720575940616046363""",578472,213992,64440,"=""720575940610903062""",TRUE,"="""""
13911257,577912,213996,64600,577988,214092,64560,458.894104003906,146,2528735655,0,"=""80575373380830277""","=""80575373380831497""","=""720575940619059497""","=""720575940616046363""",577912,213996,64600,"=""720575940619059497""",TRUE,"="""""
13911322,578932,214120,64640,578924,214248,64640,88.93798828125,144,2922835032,2268992762,"=""80575373380827980""","=""80575373380839013""","=""720575940610903062""","=""720575940616046363""",578932,214120,64640,"=""720575940610903062""",FALSE,"="""""
13972940,578276,213360,64080,578376,213416,64120,114.846160888672,133,0,2268992762,"=""80575373380812192""","=""80575373380824227""","=""720575940619059497""","=""720575940616046363""",578276,213360,64080,"=""720575940619059497""",FALSE,"="""""
13972999,578512,213104,64440,578392,213080,64400,236.244873046875,157,2922836928,2268992762,"=""80575373380827745""","=""80575373380824227""","=""720575940610903062""","=""720575940616046363""",578512,213104,64440,"=""720575940610903062""",TRUE,"="""""
13982042,580716,211388,65440,580804,211296,65480,216.719741821289,140,2660530240,3052709665,"=""80575304661367879""","=""80575304661398402""","=""720575940618976297""","=""720575940616046363""",580716,211388,65440,"=""720575940618976297""",FALSE,"="""""
13982060,580708,211416,65440,580776,211372,65520,148.735778808594,144,2660530240,3052709665,"=""80575304661367879""","=""80575304661381608""","=""720575940618976297""","=""720575940616046363""",580708,211416,65440,"=""720575940618976297""",FALSE,"="""""
27168533,581036,200748,67840,580944,200672,67800,157.884750366211,63,2922193536,0,"=""80645535966671442""","=""80645535966668714""","=""720575940612337575""","=""720575940616046363""",581036,200748,67840,"=""720575940612337575""",FALSE,"="""""
27178163,577436,204744,68280,577484,204632,68280,130.525390625,176,0,3181941326,"=""80575235941978035""","=""80575235941996749""","=""720575940628113292""","=""720575940616046363""",577436,204744,68280,"=""720575940628113292""",TRUE,"="""""
27685829,577608,203832,68320,577512,203756,68320,865.484313964844,145,3051428650,3181301591,"=""80575235941994163""","=""80575235941992998""","=""720575940632437856""","=""720575940616046363""",577608,203832,68320,"=""720575940632437856""",FALSE,"="""""
27685880,577504,203444,68640,577424,203556,68640,516.419677734375,144,2659888633,3181301591,"=""80575235942014529""","=""80575235942003591""","=""720575940611661805""","=""720575940616046363""",577504,203444,68640,"=""720575940611661805""",FALSE,"="""""
27744599,578900,214008,67800,578860,214100,67800,594.031066894531,60,2527458123,0,"=""80575373380931856""","=""80575373380948026""","=""720575940628113292""","=""720575940616046363""",578900,214008,67800,"=""720575940628113292""",TRUE,"="""""
27814955,578536,213608,67680,578604,213696,67640,308.309875488281,144,2660530240,3053349891,"=""80575373380933380""","=""80575373380937705""","=""720575940618976297""","=""720575940616046363""",578536,213608,67680,"=""720575940618976297""",TRUE,"="""""
28307460,579712,199836,79280,579796,199844,79320,115.25927734375,112,2528735655,3572202565,"=""80575167222892785""","=""80575167222897895""","=""720575940619059497""","=""720575940616046363""",579712,199836,79280,"=""720575940619059497""",FALSE,"="""""
28307506,579532,199628,79480,579584,199760,79480,268.792114257812,156,0,3572202565,"=""80575167222914985""","=""80575167222899153""","=""720575940624804248""","=""720575940616046363""",579532,199628,79480,"=""720575940624804248""",TRUE,"="""""
28321766,587592,206580,79400,587656,206360,79440,232.134078979492,132,2528097786,3703358381,"=""80715973430705258""","=""80715973430728765""","=""720575940628115084""","=""720575940616046363""",587592,206580,79400,"=""720575940628115084""",TRUE,"="""""
28321780,587532,206560,79440,587540,206412,79480,48.1838455200195,118,2528097786,3703358381,"=""80715973430705258""","=""80715973430728765""","=""720575940628115084""","=""720575940616046363""",587532,206560,79440,"=""720575940628115084""",FALSE,"="""""
28321870,589724,207224,80080,589620,207224,80080,456.894165039062,156,3051428650,3704641139,"=""80786342174913885""","=""80786342174905180""","=""720575940632437856""","=""720575940616046363""",589724,207224,80080,"=""720575940632437856""",FALSE,"="""""
28346128,585656,205132,79320,585480,205136,79280,1067.27062988281,139,2922193536,3703358381,"=""80715973430746895""","=""80715973430720646""","=""720575940612337575""","=""720575940616046363""",585656,205132,79320,"=""720575940612337575""",FALSE,"="""""
28346141,585516,205120,79400,585332,205068,79400,291.094635009766,73,2922193536,3703358381,"=""80715973430741130""","=""80715973430724707""","=""720575940612337575""","=""720575940616046363""",585516,205120,79400,"=""720575940612337575""",FALSE,"="""""
28346147,585324,205084,79520,585228,205004,79520,173.083251953125,132,2922193536,3703358381,"=""80715973430727306""","=""80645604686541788""","=""720575940612337575""","=""720575940616046363""",585324,205084,79520,"=""720575940612337575""",FALSE,"="""""
28346155,586068,206860,79600,586184,206840,79600,666.164306640625,144,2790402780,3703358381,"=""80715973430733880""","=""80715973430736393""","=""720575940624804248""","=""720575940616046363""",586068,206860,79600,"=""720575940624804248""",TRUE,"="""""
28346187,584964,205108,79840,584936,205020,79840,54.2453079223633,28,2922193536,3703358381,"=""80645604686554436""","=""80645604686557166""","=""720575940612337575""","=""720575940616046363""",584964,205108,79840,"=""720575940612337575""",FALSE,"="""""
28346250,584316,205156,80280,584396,205120,80280,200.454864501953,145,2528735655,3703358381,"=""80645604686579667""","=""80645604686572178""","=""720575940619059497""","=""720575940616046363""",584316,205156,80280,"=""720575940619059497""",FALSE,"="""""
28346280,584980,207288,80360,585072,207312,80360,214.273406982422,65,0,0,"=""80645604686530711""","=""80645604686576266""","=""720575940624804248""","=""720575940616046363""",584980,207288,80360,"=""720575940624804248""",TRUE,"="""""
28346303,584804,204364,80520,584900,204272,80520,272.251770019531,139,2527458123,3703358381,"=""80645604686574434""","=""80645604686579504""","=""720575940628113292""","=""720575940616046363""",584804,204364,80520,"=""720575940628113292""",TRUE,"="""""
28346316,586108,206976,80560,586136,207092,80560,420.837280273438,146,2660530240,3703358381,"=""80715973430761673""","=""80715973430760351""","=""720575940618976297""","=""720575940616046363""",586108,206976,80560,"=""720575940618976297""",TRUE,"="""""
28594621,588824,218452,79120,588868,218316,79080,616.052062988281,144,2792324193,3576686118,"=""80716179589142115""","=""80716179589143228""","=""720575940616852894""","=""720575940616046363""",588824,218452,79120,"=""720575940616852894""",FALSE,"="""""
28617041,585000,217260,79000,584980,217364,79000,845.76513671875,139,2528097786,2268992762,"=""80645810844980372""","=""80645810844976040""","=""720575940628115084""","=""720575940616046363""",585000,217260,79000,"=""720575940628115084""",TRUE,"="""""
28617123,584720,217180,79320,584648,217256,79360,74.9564361572266,131,2528097786,3707196801,"=""80645810844976015""","=""80645810844990506""","=""720575940628115084""","=""720575940616046363""",584720,217180,79320,"=""720575940628115084""",TRUE,"="""""
28617137,584832,217180,79400,584744,217208,79440,20.1370182037354,14,2528097786,3707196801,"=""80645810844986946""","=""80645810844990506""","=""720575940628115084""","=""720575940616046363""",584832,217180,79400,"=""720575940628115084""",FALSE,"="""""
28617234,585632,218284,79760,585668,218392,79760,244.722015380859,133,3576684370,0,"=""80716179589152809""","=""80716179589170198""","=""720575940624804248""","=""720575940616046363""",585632,218284,79760,"=""720575940624804248""",FALSE,"="""""
28979993,576364,213920,79280,576448,213840,79280,590.929809570312,144,2527458123,3705912095,"=""80505004637118471""","=""80505004637121522""","=""720575940628113292""","=""720575940616046363""",576364,213920,79280,"=""720575940628113292""",FALSE,"="""""
28988960,578768,215256,79920,578768,215320,79880,12.4317579269409,126,2790402780,2790402780,"=""80575373381321095""","=""80575442100806608""","=""720575940624804248""","=""720575940616046363""",578768,215256,79920,"=""720575940624804248""",FALSE,"="""""
28988967,577444,214316,79920,577456,214412,79920,354.458312988281,156,3575401319,3706551938,"=""80575373381365648""","=""80575373381342459""","=""720575940616852894""","=""720575940616046363""",577444,214316,79920,"=""720575940616852894""",TRUE,"="""""
28988971,578736,215240,79960,578672,215280,79920,106.8291015625,137,2790402780,3706551999,"=""80575373381327650""","=""80575373381345436""","=""720575940624804248""","=""720575940616046363""",578736,215240,79960,"=""720575940624804248""",FALSE,"="""""
28988973,578768,215300,79920,578756,215420,79920,41.3465042114258,154,2790402780,0,"=""80575373381327650""","=""80575442100802813""","=""720575940624804248""","=""720575940616046363""",578768,215300,79920,"=""720575940624804248""",TRUE,"="""""
28988981,578108,214712,80040,578016,214748,80000,401.997100830078,138,2790402780,3706551982,"=""80575373381342493""","=""80575373381352193""","=""720575940624804248""","=""720575940616046363""",578108,214712,80040,"=""720575940624804248""",TRUE,"="""""
28989015,578092,214852,80160,578048,214940,80120,17.245023727417,145,2790402780,3706551982,"=""80575373381353608""","=""80575373381352193""","=""720575940624804248""","=""720575940616046363""",578092,214852,80160,"=""720575940624804248""",TRUE,"="""""
28996497,589996,215300,79040,590084,215300,79040,24.0293159484863,19,0,3576047993,"=""80786479613829454""","=""80786479613819839""","=""720575940613725708""","=""720575940616046363""",589996,215300,79040,"=""720575940613725708""",FALSE,"="""""
28996539,589940,215076,79320,590040,215072,79320,315.658081054688,148,3572214263,3576047993,"=""80786479613831101""","=""80786479613839782""","=""720575940613725708""","=""720575940616046363""",589940,215076,79320,"=""720575940613725708""",FALSE,"="""""
29061957,575420,213452,79080,575424,213340,79080,601.236328125,134,2527458123,0,"=""80505004637114259""","=""80505004637113039""","=""720575940628113292""","=""720575940616046363""",575420,213452,79080,"=""720575940628113292""",FALSE,"="""""
29084763,580116,211236,80240,580084,211144,80280,22.100736618042,28,2527458123,3705274182,"=""80575304661865896""","=""80575304661894851""","=""720575940628113292""","=""720575940616046363""",580116,211236,80240,"=""720575940628113292""",TRUE,"="""""
29310818,575420,209872,79000,575512,209812,79000,354.306610107422,140,2922193536,0,"=""80504935917665205""","=""80504935917663877""","=""720575940612337575""","=""720575940616046363""",575420,209872,79000,"=""720575940612337575""",FALSE,"="""""
29311320,587304,207984,79440,587244,207900,79440,335.649719238281,145,2659892065,3703358381,"=""80716042150210025""","=""80716042150199753""","=""720575940610903062""","=""720575940616046363""",587304,207984,79440,"=""720575940610903062""",FALSE,"="""""
29311395,586748,208096,79640,586792,208080,79720,5.71004962921143,120,2659892065,3703358381,"=""80716042150202459""","=""80716042150218245""","=""720575940610903062""","=""720575940616046363""",586748,208096,79640,"=""720575940610903062""",TRUE,"="""""
29333818,586260,207832,80280,586236,207928,80240,642.169921875,150,2790402780,3703358381,"=""80716042150232771""","=""80716042150241865""","=""720575940624804248""","=""720575940616046363""",586260,207832,80280,"=""720575940624804248""",FALSE,"="""""
29333863,585900,208124,80520,585944,208020,80520,651.468444824219,146,2791042904,3703358381,"=""80716042150254149""","=""80716042150241865""","=""720575940629359076""","=""720575940616046363""",585900,208124,80520,"=""720575940629359076""",TRUE,"="""""
54332403,579392,200520,73120,579388,200632,73120,233.754501342773,132,2790402780,3311176797,"=""80575167222663172""","=""80575167222678666""","=""720575940624804248""","=""720575940616046363""",579392,200520,73120,"=""720575940624804248""",FALSE,"="""""
54332437,579488,200416,73320,579556,200512,73320,793.025268554688,145,2790402780,3311176819,"=""80575167222663172""","=""80575167222694281""","=""720575940624804248""","=""720575940616046363""",579488,200416,73320,"=""720575940624804248""",FALSE,"="""""
54343089,580944,199896,73800,580828,199956,73800,203.526260375977,152,0,3311176819,"=""80575167222687433""","=""80575167222699539""","=""720575940613725708""","=""720575940616046363""",580944,199896,73800,"=""720575940613725708""",FALSE,"="""""
54363238,580480,204100,72560,580468,204204,72560,345.629943847656,141,2792324193,3312456034,"=""80575235942133392""","=""80575235942133449""","=""720575940616852894""","=""720575940616046363""",580480,204100,72560,"=""720575940616852894""",FALSE,"="""""
54883279,578600,201360,72720,578708,201264,72720,413.774658203125,150,2528735655,3311176797,"=""80575167222663280""","=""80575167222663281""","=""720575940619059497""","=""720575940616046363""",578600,201360,72720,"=""720575940619059497""",FALSE,"="""""
54894706,580420,204000,72680,580392,204112,72680,422.452667236328,162,2792324193,3312456034,"=""80575235942135757""","=""80575235942142333""","=""720575940616852894""","=""720575940616046363""",580420,204000,72680,"=""720575940616852894""",FALSE,"="""""
54894720,582076,203364,72760,582220,203424,72760,105.586776733398,65,2659892065,3311818193,"=""80645604686325724""","=""80645604686319972""","=""720575940610903062""","=""720575940616046363""",582076,203364,72760,"=""720575940610903062""",FALSE,"="""""
54894744,582028,203328,72800,582084,203364,72840,53.2756652832031,54,2659892065,3311818193,"=""80645604686325724""","=""80645604686324611""","=""720575940610903062""","=""720575940616046363""",582028,203328,72800,"=""720575940610903062""",FALSE,"="""""
54894795,581856,203100,73000,581852,203160,73080,50.1695861816406,164,0,3311818193,"=""80645604686322190""","=""80645604686337326""","=""720575940610903062""","=""720575940616046363""",581856,203100,73000,"=""720575940610903062""",FALSE,"="""""
54894801,580596,204072,73120,580460,204112,73080,570.089782714844,156,2922193536,0,"=""80575235942130967""","=""80575235942142333""","=""720575940612337575""","=""720575940616046363""",580596,204072,73120,"=""720575940612337575""",FALSE,"="""""
54894818,581480,203616,73200,581552,203536,73160,758.857543945312,146,2922193536,3311818193,"=""80645604686333433""","=""80645604686337326""","=""720575940612337575""","=""720575940616046363""",581480,203616,73200,"=""720575940612337575""",FALSE,"="""""
54894850,581252,203516,73400,581232,203388,73400,727.9892578125,143,2922193536,3311818327,"=""80645604686352813""","=""80645604686341173""","=""720575940612337575""","=""720575940616046363""",581252,203516,73400,"=""720575940612337575""",FALSE,"="""""
54894854,580216,204064,73360,580252,203956,73360,766.229858398438,146,3312456253,3312456034,"=""80575235942161332""","=""80575235942151744""","=""720575940624804248""","=""720575940616046363""",580216,204064,73360,"=""720575940624804248""",FALSE,"="""""
54894893,580200,203956,73560,580244,203840,73560,125.169662475586,137,3312456253,0,"=""80575235942172334""","=""80575235942164447""","=""720575940624804248""","=""720575940616046363""",580200,203956,73560,"=""720575940624804248""",FALSE,"="""""
54894924,580152,203872,73720,580192,203764,73720,533.190795898438,151,3312456253,0,"=""80575235942172334""","=""80575235942164447""","=""720575940624804248""","=""720575940616046363""",580152,203872,73720,"=""720575940624804248""",FALSE,"="""""
54894973,581208,202972,73960,581156,203064,73920,469.944244384766,148,3311818173,0,"=""80645604686376771""","=""80645604686359111""","=""720575940619059497""","=""720575940616046363""",581208,202972,73960,"=""720575940619059497""",FALSE,"="""""
54945618,578684,214312,73560,578668,214400,73520,391.685607910156,94,3313735591,3444889873,"=""80575373381132216""","=""80575373381141705""","=""720575940613725708""","=""720575940616046363""",578684,214312,73560,"=""720575940613725708""",FALSE,"="""""
54945640,578732,214372,73600,578680,214380,73640,24.9092140197754,139,0,3444889873,"=""80575373381144425""","=""80575373381141705""","=""720575940628113292""","=""720575940616046363""",578732,214372,73600,"=""720575940628113292""",TRUE,"="""""
54945662,578964,215512,73800,579056,215580,73760,883.908081054688,82,2527458123,3445527850,"=""80575442100599098""","=""80575442100613440""","=""720575940628113292""","=""720575940616046363""",578964,215512,73800,"=""720575940628113292""",TRUE,"="""""
54954703,581076,214388,73480,581084,214528,73480,120.462768554688,146,2790402780,3444889873,"=""80575373381136457""","=""80575373381140377""","=""720575940624804248""","=""720575940616046363""",581076,214388,73480,"=""720575940624804248""",TRUE,"="""""
54954726,581188,214588,73640,581080,214624,73600,809.081237792969,60,2792324193,3444889873,"=""80575373381135240""","=""80575373381140377""","=""720575940616852894""","=""720575940616046363""",581188,214588,73640,"=""720575940616852894""",FALSE,"="""""
55023197,590036,210568,73680,590144,210608,73720,424.626617431641,141,0,3313742581,"=""80786410894176783""","=""80786410894174243""","=""720575940629359076""","=""720575940616046363""",590036,210568,73680,"=""720575940629359076""",TRUE,"="""""
55245822,591024,209724,73080,590956,209816,73080,662.641845703125,142,2528735655,3313742613,"=""80786410894169047""","=""80786410894167733""","=""720575940619059497""","=""720575940616046363""",591024,209724,73080,"=""720575940619059497""",TRUE,"="""""
79155065,588448,199320,78360,588448,199512,78360,21.2078857421875,140,2792324193,0,"=""80715904711188748""","=""80715904711201415""","=""720575940616852894""","=""720575940616046363""",588448,199320,78360,"=""720575940616852894""",FALSE,"="""""
79155083,588084,199652,78440,588224,199700,78400,225.869522094727,139,2527458123,3572207554,"=""80715904711200110""","=""80715904711201415""","=""720575940628113292""","=""720575940616046363""",588084,199652,78440,"=""720575940628113292""",TRUE,"="""""
79155102,588476,199252,78440,588488,199408,78440,5.7236590385437,149,2792324193,0,"=""80715904711188748""","=""80715904711201415""","=""720575940616852894""","=""720575940616046363""",588476,199252,78440,"=""720575940616852894""",FALSE,"="""""
79155243,588384,199160,78800,588368,199268,78800,152.037017822266,150,2792324193,3572207554,"=""80715904711209681""","=""80715904711201415""","=""720575940616852894""","=""720575940616046363""",588384,199160,78800,"=""720575940616852894""",TRUE,"="""""
79162146,577368,199280,77360,577336,199344,77360,817.053955078125,145,2527458123,3572200525,"=""80575167222825805""","=""80575167222824269""","=""720575940628113292""","=""720575940616046363""",577368,199280,77360,"=""720575940628113292""",TRUE,"="""""
79162176,577840,200528,77400,577752,200476,77360,33.7278709411621,2,3441047905,3572200543,"=""80575167222823086""","=""80575167222819843""","=""720575940632437856""","=""720575940616046363""",577840,200528,77400,"=""720575940632437856""",FALSE,"="""""
79445466,589036,217840,78800,589056,217920,78800,560.044006347656,139,0,3576686039,"=""80716179589124643""","=""80716179589133273""","=""720575940619059497""","=""720575940616046363""",589036,217840,78800,"=""720575940619059497""",TRUE,"="""""
79463148,591012,218696,78080,590972,218620,78080,419.224670410156,143,2790402780,3576687528,"=""80786548333286982""","=""80786548333288362""","=""720575940624804248""","=""720575940616046363""",591012,218696,78080,"=""720575940624804248""",FALSE,"="""""
79463154,590988,219576,78120,590900,219652,78120,880.427429199219,139,2790402780,3576687528,"=""80786617052739971""","=""80786617052741380""","=""720575940624804248""","=""720575940616046363""",590988,219576,78120,"=""720575940624804248""",TRUE,"="""""
79463167,590960,218724,78120,590868,218636,78120,89.3191680908203,30,2790402780,3576687528,"=""80786548333286982""","=""80786548333288362""","=""720575940624804248""","=""720575940616046363""",590960,218724,78120,"=""720575940624804248""",FALSE,"="""""
79463183,590980,218668,78160,590856,218528,78160,22.0988140106201,71,2790402780,0,"=""80786548333286982""","=""80786548333288362""","=""720575940624804248""","=""720575940616046363""",590980,218668,78160,"=""720575940624804248""",FALSE,"="""""
79463223,592776,218696,78240,592844,218808,78240,109.577186584473,142,2660530240,3576689336,"=""80786548333304982""","=""80786548333299101""","=""720575940618976297""","=""720575940616046363""",592776,218696,78240,"=""720575940618976297""",FALSE,"="""""
79463224,593000,218808,78200,592916,218864,78240,130.075500488281,134,0,3576689336,"=""80786548333311187""","=""80786548333299101""","=""720575940628113292""","=""720575940616046363""",593000,218808,78200,"=""720575940628113292""",FALSE,"="""""
79463225,592704,218724,78280,592748,218864,78280,192.35514831543,140,2660530240,3576689336,"=""80786548333304982""","=""80786548333299101""","=""720575940618976297""","=""720575940616046363""",592704,218724,78280,"=""720575940618976297""",FALSE,"="""""
79463265,592292,220100,78280,592444,220124,78280,114.721649169922,128,2922193536,3577329164,"=""80786617052745816""","=""80786617052753343""","=""720575940612337575""","=""720575940616046363""",592292,220100,78280,"=""720575940612337575""",FALSE,"="""""
79463295,592820,219548,78360,592832,219672,78360,230.985931396484,142,0,3576689336,"=""80786617052750523""","=""80786617052758212""","=""720575940624804248""","=""720575940616046363""",592820,219548,78360,"=""720575940624804248""",TRUE,"="""""
79463341,592540,219892,78520,592668,219868,78520,289.378662109375,140,2922193536,3576689336,"=""80786617052759430""","=""80786617052758212""","=""720575940612337575""","=""720575940616046363""",592540,219892,78520,"=""720575940612337575""",FALSE,"="""""
79463373,592916,219164,78640,592852,219228,78640,217.915679931641,148,2527458123,3576689336,"=""80786548333300330""","=""80786548333301498""","=""720575940628113292""","=""720575940616046363""",592916,219164,78640,"=""720575940628113292""",TRUE,"="""""
79463375,592780,219356,78520,592844,219348,78600,11.4721412658691,164,0,3576689336,"=""80786548333295699""","=""80786548333301498""","=""720575940624804248""","=""720575940616046363""",592780,219356,78520,"=""720575940624804248""",FALSE,"="""""
79463445,592972,219300,78800,592908,219388,78800,44.4434051513672,150,2527458123,3576689336,"=""80786548333300330""","=""80786548333301498""","=""720575940628113292""","=""720575940616046363""",592972,219300,78800,"=""720575940628113292""",TRUE,"="""""
79760874,576564,201092,77560,576460,201008,77560,77.8449935913086,149,0,3572200644,"=""80504798478662759""","=""80504798478671248""","=""720575940613725708""","=""720575940616046363""",576564,201092,77560,"=""720575940613725708""",FALSE,"="""""
79769239,577200,203144,77320,577104,203176,77320,441.015747070312,150,3442327705,3572840377,"=""80504867198111368""","=""80504867198139893""","=""720575940613725708""","=""720575940616046363""",577200,203144,77320,"=""720575940613725708""",FALSE,"="""""
79769425,579240,200924,78280,579216,201072,78240,29.0205917358398,141,2528735655,3572202384,"=""80575167222861033""","=""80575167222867048""","=""720575940619059497""","=""720575940616046363""",579240,200924,78280,"=""720575940619059497""",TRUE,"="""""
79769461,579108,200892,78400,579080,200992,78400,101.946556091309,136,2528735655,3572202506,"=""80575167222872929""","=""80575167222867048""","=""720575940619059497""","=""720575940616046363""",579108,200892,78400,"=""720575940619059497""",FALSE,"="""""
79829893,588532,214620,77720,588508,214736,77720,235.805999755859,140,2790402780,3576045924,"=""80716110869632327""","=""80716110869618210""","=""720575940624804248""","=""720575940616046363""",588532,214620,77720,"=""720575940624804248""",TRUE,"="""""
79829915,588072,214672,77760,588152,214736,77760,576.141845703125,146,2659892065,3576045924,"=""80716110869627930""","=""80716110869626698""","=""720575940610903062""","=""720575940616046363""",588072,214672,77760,"=""720575940610903062""",FALSE,"="""""
79829950,588988,216124,77840,588992,216196,77840,25.8971614837646,133,3576045994,3444893549,"=""80716179589110341""","=""80716179589101903""","=""720575940632437856""","=""720575940616046363""",588988,216124,77840,"=""720575940632437856""",FALSE,"="""""
79829957,589056,216060,77880,589140,216156,77880,64.9755401611328,131,3576045994,3444893549,"=""80716179589110341""","=""80716179589101903""","=""720575940632437856""","=""720575940616046363""",589056,216060,77880,"=""720575940632437856""",FALSE,"="""""
79830005,589412,216016,78120,589504,216032,78040,151.46598815918,174,0,0,"=""80716179589114238""","=""80716179589104257""","=""720575940632437856""","=""720575940616046363""",589412,216016,78120,"=""720575940632437856""",FALSE,"="""""
79830230,587432,214260,78720,587416,214364,78640,150.855667114258,111,2922193536,3576046121,"=""80716110869659227""","=""80716110869652302""","=""720575940612337575""","=""720575940616046363""",587432,214260,78720,"=""720575940612337575""",TRUE,"="""""
79847395,590316,215556,77680,590176,215560,77640,499.608947753906,147,0,3444893549,"=""80786548333274819""","=""80786548333272228""","=""720575940618976297""","=""720575940616046363""",590316,215556,77680,"=""720575940618976297""",TRUE,"="""""
79847546,590208,216560,78320,590108,216580,78360,1029.13232421875,153,3572214263,3576047906,"=""80786548333292850""","=""80786548333292872""","=""720575940613725708""","=""720575940616046363""",590208,216560,78320,"=""720575940613725708""",TRUE,"="""""
79847616,589796,215492,78480,589904,215512,78520,512.313110351562,132,3051428650,3576047993,"=""80786548333301999""","=""80786548333299728""","=""720575940632437856""","=""720575940616046363""",589796,215492,78480,"=""720575940632437856""",FALSE,"="""""
79847686,590152,215276,78600,590168,215392,78600,440.032592773438,135,2792324193,3576047993,"=""80786479613814270""","=""80786548333300595""","=""720575940616852894""","=""720575940616046363""",590152,215276,78600,"=""720575940616852894""",TRUE,"="""""
79914767,576404,213772,78920,576484,213712,78960,62.4318542480469,127,2527458123,0,"=""80505004637106746""","=""80505004637109404""","=""720575940628113292""","=""720575940616046363""",576404,213772,78920,"=""720575940628113292""",FALSE,"="""""
80161065,576232,209468,78760,576276,209348,78720,32.6882591247559,67,2528735655,2268992762,"=""80504935917645635""","=""80504935917658395""","=""720575940619059497""","=""720575940616046363""",576232,209468,78760,"=""720575940619059497""",FALSE,"="""""
80161066,576124,209488,78760,576068,209356,78800,600.915283203125,148,2528735655,2268992762,"=""80504935917670671""","=""80504935917658395""","=""720575940619059497""","=""720575940616046363""",576124,209488,78760,"=""720575940619059497""",FALSE,"="""""
80161071,574588,209028,78840,574600,208912,78840,686.434692382812,143,2790402780,2268992762,"=""80504935917653031""","=""80504935917658349""","=""720575940624804248""","=""720575940616046363""",574588,209028,78840,"=""720575940624804248""",FALSE,"="""""
80161075,576212,209472,78760,576216,209312,78800,64.9422760009766,118,2528735655,2268992762,"=""80504935917645635""","=""80504935917658395""","=""720575940619059497""","=""720575940616046363""",576212,209472,78760,"=""720575940619059497""",FALSE,"="""""
80161076,575992,209600,78800,575876,209532,78800,328.341522216797,144,2528735655,2268992762,"=""80504935917670671""","=""80504935917663877""","=""720575940619059497""","=""720575940616046363""",575992,209600,78800,"=""720575940619059497""",FALSE,"="""""
80161647,588460,208252,78600,588388,208084,78560,504.69189453125,131,2660530240,3574126887,"=""80716042150183826""","=""80716042150181944""","=""720575940618976297""","=""720575940616046363""",588460,208252,78600,"=""720575940618976297""",FALSE,"="""""
80161662,588376,208204,78680,588272,208040,78720,50.9841957092285,137,2660530240,3574126908,"=""80716042150183826""","=""80716042150181944""","=""720575940618976297""","=""720575940616046363""",588376,208204,78680,"=""720575940618976297""",FALSE,"="""""
80170769,576976,209496,78520,576972,209416,78520,301.689025878906,147,2528735655,3574759951,"=""80504935917657072""","=""80504935917655647""","=""720575940619059497""","=""720575940616046363""",576976,209496,78520,"=""720575940619059497""",FALSE,"="""""
124728819,589104,215732,84200,589152,215864,84200,418.740570068359,140,3837071878,2268992762,"=""80716179655757630""","=""80716179655748337""","=""720575940613725708""","=""720575940616046363""",589104,215732,84200,"=""720575940613725708""",TRUE,"="""""
124747075,589992,216488,84120,589880,216504,84120,179.870697021484,163,2659892065,0,"=""80786548399901799""","=""80786548399922772""","=""720575940610903062""","=""720575940616046363""",589992,216488,84120,"=""720575940610903062""",FALSE,"="""""
124747083,590984,215692,84080,590956,215736,84160,181.226776123047,177,0,0,"=""80786548399911724""","=""80786548399930118""","=""720575940616852894""","=""720575940616046363""",590984,215692,84080,"=""720575940616852894""",FALSE,"="""""
124747086,589656,216780,84200,589732,216708,84240,817.82080078125,143,2790402780,2268992762,"=""80786548399926511""","=""80786548399926583""","=""720575940624804248""","=""720575940616046363""",589656,216780,84200,"=""720575940624804248""",TRUE,"="""""
124747087,591056,216880,84240,590936,216908,84200,463.805603027344,142,2528097786,2268992762,"=""80786548399933742""","=""80786548399921600""","=""720575940628115084""","=""720575940616046363""",591056,216880,84240,"=""720575940628115084""",FALSE,"="""""
124747112,590380,216444,84240,590416,216460,84280,262.945190429688,1,0,2268992762,"=""80786548399923961""","=""80786548399927816""","=""720575940610903062""","=""720575940616046363""",590380,216444,84240,"=""720575940610903062""",FALSE,"="""""
124747138,591436,215624,84480,591360,215516,84480,681.497985839844,139,2528097786,2268992762,"=""80786548399931302""","=""80786548399936997""","=""720575940628115084""","=""720575940616046363""",591436,215624,84480,"=""720575940628115084""",FALSE,"="""""
124747186,591532,215288,84680,591572,215384,84720,310.894287109375,141,3837073715,2268992762,"=""80786479680457693""","=""80786548399936997""","=""720575940613725708""","=""720575940616046363""",591532,215288,84680,"=""720575940613725708""",TRUE,"="""""
124752143,583196,214636,85000,583176,214732,85040,791.758544921875,143,2659892065,3837068598,"=""80645742192120475""","=""80645742192116579""","=""720575940610903062""","=""720575940616046363""",583196,214636,85000,"=""720575940610903062""",TRUE,"="""""
124752326,583908,214940,84200,583856,215064,84200,700.698059082031,139,2922193536,3837068572,"=""80645742192085087""","=""80645742192093053""","=""720575940612337575""","=""720575940616046363""",583908,214940,84200,"=""720575940612337575""",TRUE,"="""""
124752348,583572,214904,84520,583580,215028,84480,1267.72326660156,146,2659892065,3837068598,"=""80645742192099717""","=""80645742192097032""","=""720575940610903062""","=""720575940616046363""",583572,214904,84520,"=""720575940610903062""",TRUE,"="""""
124752408,585564,214820,84840,585440,214816,84800,428.478393554688,101,2527458123,3967581354,"=""80716110936299588""","=""80645742192109033""","=""720575940628113292""","=""720575940616046363""",585564,214820,84840,"=""720575940628113292""",TRUE,"="""""
134176837,578104,205140,66600,577956,205012,66640,706.036926269531,74,2527458123,3051428693,"=""80575235941938497""","=""80575235941940745""","=""720575940628113292""","=""720575940616046363""",578104,205140,66600,"=""720575940628113292""",FALSE,"="""""
134176873,578032,204980,66720,577928,204760,66680,73.8456268310547,91,2527458123,3051428699,"=""80575235941945448""","=""80575235941940745""","=""720575940628113292""","=""720575940616046363""",578032,204980,66720,"=""720575940628113292""",FALSE,"="""""
134702876,580028,203000,65640,580148,203052,65640,349.891632080078,139,2528735655,3050790460,"=""80575235941914316""","=""80575235941913073""","=""720575940619059497""","=""720575940616046363""",580028,203000,65640,"=""720575940619059497""",TRUE,"="""""
134702939,580568,202672,65920,580608,202752,65920,37.9277420043945,37,2528735655,3050790460,"=""80575167222430768""","=""80575167222433646""","=""720575940619059497""","=""720575940616046363""",580568,202672,65920,"=""720575940619059497""",TRUE,"="""""
134703052,580200,201344,66440,580120,201372,66360,692.174743652344,119,3050790620,3050790602,"=""80575167222464256""","=""80575167222458134""","=""720575940628113292""","=""720575940616046363""",580200,201344,66440,"=""720575940628113292""",FALSE,"="""""
134703085,580656,202360,66520,580788,202228,66480,443.007171630859,148,2659892065,3050790543,"=""80575167222476957""","=""80575167222453344""","=""720575940610903062""","=""720575940616046363""",580656,202360,66520,"=""720575940610903062""",FALSE,"="""""
134703092,580160,201364,66480,580124,201548,66480,17.2558250427246,143,2527458123,3050790602,"=""80575167222464256""","=""80575167222458134""","=""720575940628113292""","=""720575940616046363""",580160,201364,66480,"=""720575940628113292""",FALSE,"="""""
134703228,581052,201320,67080,581152,201320,67120,284.740112304688,83,2527458123,3050790543,"=""80645535966645782""","=""80645535966644699""","=""720575940628113292""","=""720575940616046363""",581052,201320,67080,"=""720575940628113292""",FALSE,"="""""
134703237,580960,201264,67200,581096,201236,67200,517.642700195312,131,2527458123,3050151092,"=""80645535966639792""","=""80645535966653819""","=""720575940628113292""","=""720575940616046363""",580960,201264,67200,"=""720575940628113292""",FALSE,"="""""
134756121,579760,213840,67120,579792,213912,67040,216.957977294922,112,2527458123,2268992762,"=""80575373380920674""","=""80575373380916112""","=""720575940628113292""","=""720575940616046363""",579760,213840,67120,"=""720575940628113292""",TRUE,"="""""
134835315,580748,211432,65440,580804,211456,65560,29.6692867279053,135,2660530240,3052709665,"=""80575304661380241""","=""80575304661381539""","=""720575940618976297""","=""720575940616046363""",580748,211432,65440,"=""720575940618976297""",FALSE,"="""""
134835382,580732,211472,65880,580668,211568,65800,84.3352584838867,122,2659892065,2268992762,"=""80575373380880764""","=""80575373380871065""","=""720575940610903062""","=""720575940616046363""",580732,211472,65880,"=""720575940610903062""",FALSE,"="""""
134835393,580632,211472,65880,580552,211608,65880,312.039672851562,142,2659892065,3052709747,"=""80575373380886394""","=""80575373380871065""","=""720575940610903062""","=""720575940616046363""",580632,211472,65880,"=""720575940610903062""",TRUE,"="""""
134835409,580876,210896,65960,580948,210824,65960,278.819305419922,144,2659892065,3052709721,"=""80575304661394532""","=""80575304661398402""","=""720575940610903062""","=""720575940616046363""",580876,210896,65960,"=""720575940610903062""",FALSE,"="""""
134835410,580408,211412,65960,580320,211516,65960,246.190872192383,24,2659892065,3052709747,"=""80575304661392067""","=""80575373380882104""","=""720575940610903062""","=""720575940616046363""",580408,211412,65960,"=""720575940610903062""",FALSE,"="""""
134835426,580920,212208,66080,580996,212148,66040,230.030395507812,151,2792324193,2268992762,"=""80575373380876963""","=""80575373380886748""","=""720575940616852894""","=""720575940616046363""",580920,212208,66080,"=""720575940616852894""",FALSE,"="""""
134835484,580956,212812,66360,581060,212832,66320,360.401733398438,138,2792324193,2268992762,"=""80575373380903217""","=""80575373380891086""","=""720575940616852894""","=""720575940616046363""",580956,212812,66360,"=""720575940616852894""",FALSE,"="""""
135312462,587964,200716,76160,587904,200648,76160,591.205017089844,138,2792324193,0,"=""80715904711127941""","=""80715904711127923""","=""720575940616852894""","=""720575940616046363""",587964,200716,76160,"=""720575940616852894""",FALSE,"="""""
135312501,588292,200656,76440,588204,200608,76440,385.207336425781,142,2792324193,0,"=""80715904711127941""","=""80715904711133518""","=""720575940616852894""","=""720575940616046363""",588292,200656,76440,"=""720575940616852894""",FALSE,"="""""
135312522,588112,200836,76560,588088,200744,76560,11.4994163513184,114,2792324193,0,"=""80715904711117453""","=""80715904711133518""","=""720575940616852894""","=""720575940616046363""",588112,200836,76560,"=""720575940616852894""",FALSE,"="""""
135318683,579676,200360,76600,579548,200356,76560,279.774505615234,143,2791042904,3572202125,"=""80575167222801806""","=""80575167222798064""","=""720575940629359076""","=""720575940616046363""",579676,200360,76600,"=""720575940629359076""",FALSE,"="""""
135318765,578968,200516,76920,579048,200592,76920,514.980712890625,142,2922193536,3572202125,"=""80575167222806973""","=""80575167222815586""","=""720575940612337575""","=""720575940616046363""",578968,200516,76920,"=""720575940612337575""",TRUE,"="""""
135318874,578820,200704,77280,578908,200704,77240,172.304016113281,156,3441047905,3572202200,"=""80575167222848915""","=""80575167222815586""","=""720575940632437856""","=""720575940616046363""",578820,200704,77280,"=""720575940632437856""",FALSE,"="""""
135862014,576612,201500,77080,576592,201600,77120,5.7201714515686,144,3441685958,3572840265,"=""80504798478651984""","=""80504798478652030""","=""720575940613725708""","=""720575940616046363""",576612,201500,77080,"=""720575940613725708""",TRUE,"="""""
135870081,578296,201236,76800,578168,201216,76800,563.180053710938,158,0,3311818327,"=""80575167222814329""","=""80575167222803156""","=""720575940618976297""","=""720575940616046363""",578296,201236,76800,"=""720575940618976297""",FALSE,"="""""
135870135,577340,201224,77080,577456,201164,77120,580.057861328125,146,3441685958,3311818327,"=""80575167222819991""","=""80575167222818455""","=""720575940613725708""","=""720575940616046363""",577340,201224,77080,"=""720575940613725708""",FALSE,"="""""
135870172,577180,203172,77200,577060,203196,77160,470.48193359375,147,3442327705,3572840377,"=""80504867198111368""","=""80504867198139893""","=""720575940613725708""","=""720575940616046363""",577180,203172,77200,"=""720575940613725708""",TRUE,"="""""
135870183,577644,200900,77280,577560,200928,77200,432.795745849609,67,0,3311818327,"=""80575167222836149""","=""80575167222818455""","=""720575940632437856""","=""720575940616046363""",577644,200900,77280,"=""720575940632437856""",TRUE,"="""""
135926464,588572,215152,77200,588604,215020,77200,481.547302246094,141,3051428650,3444893549,"=""80716110869594666""","=""80716110869601540""","=""720575940632437856""","=""720575940616046363""",588572,215152,77200,"=""720575940632437856""",TRUE,"="""""
135934017,579488,214716,75680,579576,214676,75720,128.917877197266,23,2660530240,3445528192,"=""80575373381200282""","=""80575373381215696""","=""720575940618976297""","=""720575940616046363""",579488,214716,75680,"=""720575940618976297""",FALSE,"="""""
135934042,579172,214692,75920,579212,214644,75840,400.814636230469,178,2659888633,3445528192,"=""80575373381221817""","=""80575373381215696""","=""720575940611661805""","=""720575940616046363""",579172,214692,75920,"=""720575940611661805""",FALSE,"="""""
135934086,579408,215548,76040,579504,215464,76080,252.481109619141,179,0,3445528252,"=""80575442100672061""","=""80575442100679346""","=""720575940618976297""","=""720575940616046363""",579408,215548,76040,"=""720575940618976297""",FALSE,"="""""
135934117,579280,215836,76160,579372,215916,76160,263.372009277344,167,3445528269,3445528285,"=""80575442100675908""","=""80575442100687057""","=""720575940618976297""","=""720575940616046363""",579280,215836,76160,"=""720575940618976297""",FALSE,"="""""
135934172,579092,215988,76400,579200,216028,76440,36.6422920227051,2,2660530240,3576039079,"=""80575442100683224""","=""80575442100694547""","=""720575940618976297""","=""720575940616046363""",579092,215988,76400,"=""720575940618976297""",FALSE,"="""""
135945802,580416,215956,76120,580384,215864,76120,59.1219635009766,19,2660530240,3445528285,"=""80575442100684599""","=""80575442100680763""","=""720575940618976297""","=""720575940616046363""",580416,215956,76120,"=""720575940618976297""",FALSE,"="""""
135945866,581236,216084,76400,581108,216068,76360,585.284729003906,147,2659892065,3445528285,"=""80575442100683217""","=""80575442100685857""","=""720575940610903062""","=""720575940616046363""",581236,216084,76400,"=""720575940610903062""",TRUE,"="""""
136004137,589388,211096,75640,589444,210980,75640,256.070892333984,144,2659892065,3444255491,"=""80786410894216759""","=""80786410894248800""","=""720575940610903062""","=""720575940616046363""",589388,211096,75640,"=""720575940610903062""",FALSE,"="""""
136004155,589132,211676,75800,589076,211764,75800,252.820877075195,141,2659892065,3444255491,"=""80716110869569497""","=""80716110869561065""","=""720575940610903062""","=""720575940616046363""",589132,211676,75800,"=""720575940610903062""",FALSE,"="""""
136004161,589208,212084,75840,589136,212052,75840,676.658203125,144,2792324193,0,"=""80716110869559802""","=""80716110869563942""","=""720575940616852894""","=""720575940616046363""",589208,212084,75840,"=""720575940616852894""",FALSE,"="""""
136004237,589412,212604,76120,589336,212688,76120,23.8492050170898,117,0,3444893549,"=""80716110869558548""","=""80716110869564059""","=""720575940616852894""","=""720575940616046363""",589412,212604,76120,"=""720575940616852894""",TRUE,"="""""
136004250,589420,212564,76120,589368,212608,76160,402.839904785156,149,0,3444893549,"=""80716110869558548""","=""80716110869564059""","=""720575940616852894""","=""720575940616046363""",589420,212564,76120,"=""720575940616852894""",FALSE,"="""""
136004276,589440,212532,76120,589420,212584,76240,7.62827396392822,159,0,0,"=""80716110869558548""","=""80716110869568364""","=""720575940616852894""","=""720575940616046363""",589440,212532,76120,"=""720575940616852894""",FALSE,"="""""
136004282,589156,213028,76320,589156,213120,76240,49.1494636535645,18,0,3444893549,"=""80716110869574323""","=""80716110869565465""","=""720575940624804248""","=""720575940616046363""",589156,213028,76320,"=""720575940624804248""",FALSE,"="""""
136004284,588256,213160,76240,588388,213216,76280,320.197906494141,152,0,3444893551,"=""80716110869581756""","=""80716110869569978""","=""720575940624804248""","=""720575940616046363""",588256,213160,76240,"=""720575940624804248""",TRUE,"="""""
136004296,589160,213028,76320,589132,213180,76280,64.6774444580078,24,0,3444893549,"=""80716110869574323""","=""80716110869565465""","=""720575940624804248""","=""720575940616046363""",589160,213028,76320,"=""720575940624804248""",TRUE,"="""""
136004419,589068,212336,76760,588980,212288,76720,51.347095489502,145,2790402780,3444893549,"=""80716110869577181""","=""80716110869585817""","=""720575940624804248""","=""720575940616046363""",589068,212336,76760,"=""720575940624804248""",TRUE,"="""""
136004431,589052,212292,76800,588936,212224,76800,273.992370605469,131,2790402780,0,"=""80716110869593958""","=""80716110869593953""","=""720575940624804248""","=""720575940616046363""",589052,212292,76800,"=""720575940624804248""",FALSE,"="""""
136018609,589892,210920,75800,589784,210940,75760,319.136657714844,140,2792324193,3444255491,"=""80786410894248512""","=""80786410894243623""","=""720575940616852894""","=""720575940616046363""",589892,210920,75800,"=""720575940616852894""",FALSE,"="""""
136242030,590076,209800,75960,590016,209672,75920,272.637054443359,176,2922193536,0,"=""80786410894254060""","=""80786410894249492""","=""720575940612337575""","=""720575940616046363""",590076,209800,75960,"=""720575940612337575""",FALSE,"="""""
136242269,591644,207760,76960,591576,207840,76960,261.869903564453,137,2528097786,3574128250,"=""80786410894283939""","=""80786410894290659""","=""720575940628115084""","=""720575940616046363""",591644,207760,76960,"=""720575940628115084""",TRUE,"="""""
136242297,591988,207524,77160,591888,207600,77120,221.536376953125,49,0,3574128250,"=""80786410894291580""","=""80786410894290706""","=""720575940612337575""","=""720575940616046363""",591988,207524,77160,"=""720575940612337575""",TRUE,"="""""
167137454,576528,202848,56280,576460,202924,56240,567.361938476562,144,2528735621,2528737683,"=""80504798411516132""","=""80504798411533161""","=""720575940611661805""","=""720575940616046363""",576528,202848,56280,"=""720575940611661805""",TRUE,"="""""
167137472,576504,202832,56320,576400,202892,56320,18.1595897674561,140,2528735621,2528737683,"=""80504798411516132""","=""80504798411533161""","=""720575940611661805""","=""720575940616046363""",576504,202832,56320,"=""720575940611661805""",TRUE,"="""""
167137496,576264,202980,56480,576368,202976,56480,383.601776123047,161,2528097806,2528737683,"=""80504798411550048""","=""80504798411533161""","=""720575940632437856""","=""720575940616046363""",576264,202980,56480,"=""720575940632437856""",TRUE,"="""""
167142497,577896,203148,55880,577856,203280,55840,543.842163085938,142,2527458123,2528737603,"=""80575167155677547""","=""80575235875148922""","=""720575940628113292""","=""720575940616046363""",577896,203148,55880,"=""720575940628113292""",FALSE,"="""""
167142648,577244,202968,56720,577224,202868,56760,6.70104217529297,100,2528735728,2659249962,"=""80575167155717803""","=""80575167155722959""","=""720575940610903062""","=""720575940616046363""",577244,202968,56720,"=""720575940610903062""",FALSE,"="""""
171429439,575864,207296,63600,575752,207292,63680,17.2758026123047,172,2791042904,2921553781,"=""80504867197671416""","=""80504867197662737""","=""720575940629359076""","=""720575940616046363""",575864,207296,63600,"=""720575940629359076""",FALSE,"="""""
171429451,576144,207196,63640,576120,207200,63720,60.3445930480957,103,2791042904,2921555484,"=""80504867197668992""","=""80504867197690592""","=""720575940629359076""","=""720575940616046363""",576144,207196,63640,"=""720575940629359076""",FALSE,"="""""
171436601,571848,207196,62840,571776,207240,62880,222.947952270508,163,0,2921551944,"=""80434498453473425""","=""80434498453481641""","=""720575940624804248""","=""720575940616046363""",571848,207196,62840,"=""720575940624804248""",FALSE,"="""""
171956412,574576,212600,63240,574496,212704,63200,84.91748046875,140,2922193536,2922833260,"=""80505004636600464""","=""80505004636611744""","=""720575940612337575""","=""720575940616046363""",574576,212600,63240,"=""720575940612337575""",FALSE,"="""""
171956423,574588,212548,63280,574492,212636,63280,450.367279052734,141,2922193536,2922833260,"=""80505004636608236""","=""80505004636602079""","=""720575940612337575""","=""720575940616046363""",574588,212548,63280,"=""720575940612337575""",FALSE,"="""""
171956473,573880,211948,63480,573952,212060,63440,62.0436553955078,145,2659892065,2922833260,"=""80504935917130840""","=""80504935917143546""","=""720575940610903062""","=""720575940616046363""",573880,211948,63480,"=""720575940610903062""",FALSE,"="""""
172141104,575072,208084,62520,575128,208156,62480,68.8574676513672,57,2791041350,0,"=""80504935917100708""","=""80504935917125595""","=""720575940613725708""","=""720575940616046363""",575072,208084,62520,"=""720575940613725708""",FALSE,"="""""
172141274,575424,207560,63400,575536,207600,63400,241.534515380859,154,2921553620,2921553639,"=""80504867197636298""","=""80504867197662737""","=""720575940613725708""","=""720575940616046363""",575424,207560,63400,"=""720575940613725708""",FALSE,"="""""
172141329,575836,207352,63560,575740,207428,63560,472.944641113281,160,2791042904,2921553639,"=""80504867197671416""","=""80504867197662737""","=""720575940629359076""","=""720575940616046363""",575836,207352,63560,"=""720575940629359076""",FALSE,"="""""
172371952,577464,205248,71280,577356,205200,71280,264.529357910156,147,2659888633,3181941519,"=""80575235942102596""","=""80575235942094177""","=""720575940611661805""","=""720575940616046363""",577464,205248,71280,"=""720575940611661805""",FALSE,"="""""
172371972,577456,205240,71360,577372,205164,71360,98.3511428833008,139,2659888633,3181941519,"=""80575235942102596""","=""80575235942090449""","=""720575940611661805""","=""720575940616046363""",577456,205240,71360,"=""720575940611661805""",TRUE,"="""""
172372007,577428,205212,71520,577332,205172,71520,28.9798812866211,149,2659888633,3181941519,"=""80575235942100166""","=""80575235942097751""","=""720575940611661805""","=""720575940616046363""",577428,205212,71520,"=""720575940611661805""",FALSE,"="""""
172372030,577396,205068,71680,577312,205124,71640,284.29296875,149,2659888633,3181941519,"=""80575235942102596""","=""80575235942097751""","=""720575940611661805""","=""720575940616046363""",577396,205068,71680,"=""720575940611661805""",FALSE,"="""""
172379803,580912,205032,71240,580844,205100,71240,375.395965576172,97,2922193536,3312455959,"=""80575235942092857""","=""80575235942096692""","=""720575940612337575""","=""720575940616046363""",580912,205032,71240,"=""720575940612337575""",TRUE,"="""""
172379812,580536,205228,71360,580644,205212,71360,395.165222167969,115,2528097786,3312455959,"=""80575235942096713""","=""80575235942100137""","=""720575940628115084""","=""720575940616046363""",580536,205228,71360,"=""720575940628115084""",FALSE,"="""""
172379818,580924,205004,71240,580852,205064,71320,5.72995853424072,103,2922193536,3312455959,"=""80575235942092857""","=""80575235942100137""","=""720575940612337575""","=""720575940616046363""",580924,205004,71240,"=""720575940612337575""",FALSE,"="""""
172774007,583364,202680,70840,583472,202692,70800,293.671875,151,3181305219,3181305423,"=""80645535966751489""","=""80645535966766106""","=""720575940613725708""","=""720575940616046363""",583364,202680,70840,"=""720575940613725708""",FALSE,"="""""
172774041,583824,203084,70960,583732,203068,70920,137.131286621094,150,2791042904,3181305423,"=""80645604686240532""","=""80645604686257876""","=""720575940629359076""","=""720575940616046363""",583824,203084,70960,"=""720575940629359076""",FALSE,"="""""
172774042,583832,203128,70960,583756,203148,70920,443.215637207031,146,2791042904,3181305423,"=""80645604686250795""","=""80645604686259411""","=""720575940629359076""","=""720575940616046363""",583832,203128,70960,"=""720575940629359076""",TRUE,"="""""
172774096,583588,203456,71200,583692,203452,71200,42.6542587280273,144,3311817912,3181305423,"=""80645604686249408""","=""80645604686276896""","=""720575940613725708""","=""720575940616046363""",583588,203456,71200,"=""720575940613725708""",FALSE,"="""""
172774149,583504,203460,71360,583604,203436,71400,34.8213996887207,148,3311817912,3181305423,"=""80645604686249408""","=""80645604686285185""","=""720575940613725708""","=""720575940616046363""",583504,203460,71360,"=""720575940613725708""",FALSE,"="""""
172774195,583560,203528,71720,583552,203412,71720,695.554992675781,143,2527458123,3181305423,"=""80645604686291098""","=""80645604686285185""","=""720575940628113292""","=""720575940616046363""",583560,203528,71720,"=""720575940628113292""",FALSE,"="""""
172774237,583300,203104,71840,583356,203208,71840,593.37060546875,144,2659892065,3181305423,"=""80645604686295112""","=""80645604686306422""","=""720575940610903062""","=""720575940616046363""",583300,203104,71840,"=""720575940610903062""",TRUE,"="""""
172774283,583240,203048,72000,583256,203152,72000,132.650756835938,150,2659892065,3181305423,"=""80645604686295112""","=""80645604686306422""","=""720575940610903062""","=""720575940616046363""",583240,203048,72000,"=""720575940610903062""",TRUE,"="""""
178256792,577576,202196,57120,577520,202264,57160,304.924621582031,138,2396943184,2659249962,"=""80575167155728374""","=""80575167155740371""","=""720575940624804248""","=""720575940616046363""",577576,202196,57120,"=""720575940624804248""",FALSE,"="""""
178256819,577476,202112,57320,577448,202216,57280,236.858489990234,140,2396943184,2659249962,"=""80575167155728374""","=""80575167155740371""","=""720575940624804248""","=""720575940616046363""",577476,202112,57320,"=""720575940624804248""",TRUE,"="""""
178256824,577100,202344,57320,577252,202388,57320,153.760284423828,138,0,2659249962,"=""80575167155731387""","=""80575167155740371""","=""720575940611661805""","=""720575940616046363""",577100,202344,57320,"=""720575940611661805""",TRUE,"="""""
178256825,577068,202364,57320,577164,202476,57320,5.70953273773193,156,0,2659249962,"=""80575167155731387""","=""80575167155740371""","=""720575940611661805""","=""720575940616046363""",577068,202364,57320,"=""720575940611661805""",FALSE,"="""""
178797719,586236,207260,80680,586136,207200,80680,718.45263671875,161,2790402780,3703358381,"=""80715973430760397""","=""80715973430760351""","=""720575940624804248""","=""720575940616046363""",586236,207260,80680,"=""720575940624804248""",FALSE,"="""""
179055854,586528,218612,80760,586440,218688,80720,510.007659912109,141,2660530240,3707197120,"=""80716179589194795""","=""80716179589194802""","=""720575940618976297""","=""720575940616046363""",586528,218612,80760,"=""720575940618976297""",FALSE,"="""""
179055903,587480,217976,81120,587456,218092,81080,473.272155761719,145,2528735655,0,"=""80716179589208868""","=""80716179589207498""","=""720575940619059497""","=""720575940616046363""",587480,217976,81120,"=""720575940619059497""",FALSE,"="""""
179055930,586912,218428,81240,587012,218512,81200,250.396286010742,147,2660530240,3707198749,"=""80716179589208945""","=""80716179589211456""","=""720575940618976297""","=""720575940616046363""",586912,218428,81240,"=""720575940618976297""",FALSE,"="""""
179055961,586900,218396,81280,587032,218408,81280,69.5917129516602,149,2660530240,3707198749,"=""80716179589210184""","=""80716179589211456""","=""720575940618976297""","=""720575940616046363""",586900,218396,81280,"=""720575940618976297""",TRUE,"="""""
179056094,587872,219528,81840,587848,219464,81720,397.814300537109,54,2527458123,3707198804,"=""80716179589298256""","=""80716179589224745""","=""720575940628113292""","=""720575940616046363""",587872,219528,81840,"=""720575940628113292""",TRUE,"="""""
179419162,585100,203456,80800,585100,203564,80760,546.794677734375,143,3441047905,3703358381,"=""80645604686583448""","=""80645604686587301""","=""720575940632437856""","=""720575940616046363""",585100,203456,80800,"=""720575940632437856""",TRUE,"="""""
179419351,584892,203416,81320,585004,203364,81320,694.035278320312,161,2660530240,3703358505,"=""80645604686615491""","=""80645604686602321""","=""720575940618976297""","=""720575940616046363""",584892,203416,81320,"=""720575940618976297""",FALSE,"="""""
179419403,585624,203184,81520,585548,203252,81520,1109.59790039062,140,3572214263,3703358505,"=""80715973430788078""","=""80715973430789539""","=""720575940613725708""","=""720575940616046363""",585624,203184,81520,"=""720575940613725708""",FALSE,"="""""
179578939,580168,212492,80800,580192,212384,80800,405.589996337891,158,0,3705914156,"=""80575373381371035""","=""80575373381380955""","=""720575940624804248""","=""720575940616046363""",580168,212492,80800,"=""720575940624804248""",TRUE,"="""""
179578978,580896,212012,80960,580792,211940,80960,23.1141204833984,86,2527458123,3705914166,"=""80575373381387615""","=""80575373381391001""","=""720575940628113292""","=""720575940616046363""",580896,212012,80960,"=""720575940628113292""",FALSE,"="""""
179578986,580988,212016,81120,580916,211940,81120,600.973754882812,19,2527458123,3705914166,"=""80575373381387615""","=""80575373381397184""","=""720575940628113292""","=""720575940616046363""",580988,212016,81120,"=""720575940628113292""",TRUE,"="""""
179579222,582708,212312,82280,582640,212380,82280,618.925720214844,140,2528097786,2268992762,"=""80645742125631228""","=""80645742125664456""","=""720575940628115084""","=""720575940616046363""",582708,212312,82280,"=""720575940628115084""",TRUE,"="""""
179579708,583696,211712,82120,583640,211628,82120,1048.25805664062,141,2791042904,2268992762,"=""80645742125670573""","=""80645742125635445""","=""720575940629359076""","=""720575940616046363""",583696,211712,82120,"=""720575940629359076""",TRUE,"="""""
179820009,586708,209216,81640,586832,209236,81640,302.962646484375,41,2791042904,3703358381,"=""80716042150278603""","=""80716042150291404""","=""720575940629359076""","=""720575940616046363""",586708,209216,81640,"=""720575940629359076""",FALSE,"="""""
179820040,586648,209052,81680,586696,209076,81720,196.247436523438,2,2791042904,3703358381,"=""80716042150287162""","=""80716042150291402""","=""720575940629359076""","=""720575940616046363""",586648,209052,81680,"=""720575940629359076""",FALSE,"="""""
179820047,586676,209060,81640,586640,209044,81760,72.1491012573242,2,2791042904,3703358381,"=""80716042150287169""","=""80716042150291402""","=""720575940629359076""","=""720575940616046363""",586676,209060,81640,"=""720575940629359076""",TRUE,"="""""
179843382,585624,208196,81600,585780,208164,81600,162.558135986328,144,2791042904,3703358381,"=""80716042150287003""","=""80716042150281300""","=""720575940629359076""","=""720575940616046363""",585624,208196,81600,"=""720575940629359076""",FALSE,"="""""
179843406,585556,208244,81720,585704,208224,81720,407.127502441406,46,0,3703358381,"=""80716042150294157""","=""80716042150281300""","=""720575940629359076""","=""720575940616046363""",585556,208244,81720,"=""720575940629359076""",TRUE,"="""""
179843427,585548,208256,81760,585668,208248,81760,24.9588088989258,17,0,3703358381,"=""80716042150294157""","=""80716042150281300""","=""720575940629359076""","=""720575940616046363""",585548,208256,81760,"=""720575940629359076""",FALSE,"="""""
182610630,577484,205536,70080,577472,205400,70080,548.972351074219,149,2528735655,3181941519,"=""80575235942061560""","=""80575235942052161""","=""720575940619059497""","=""720575940616046363""",577484,205536,70080,"=""720575940619059497""",FALSE,"="""""
183030643,583432,203452,70240,583512,203412,70240,391.157562255859,148,3181305219,3181305423,"=""80645604686233866""","=""80645604686259411""","=""720575940613725708""","=""720575940616046363""",583432,203452,70240,"=""720575940613725708""",TRUE,"="""""
183030682,583660,203288,70400,583596,203344,70400,248.163192749023,141,2791042904,3181305423,"=""80645604686234831""","=""80645604686259411""","=""720575940629359076""","=""720575940616046363""",583660,203288,70400,"=""720575940629359076""",TRUE,"="""""
205502113,592764,217308,82440,592656,217296,82440,693.821044921875,122,2791042904,3837714851,"=""80786548333461819""","=""80786548333460616""","=""720575940629359076""","=""720575940616046363""",592764,217308,82440,"=""720575940629359076""",FALSE,"="""""
205956596,592448,216892,83520,592372,216980,83560,595.515380859375,143,2792324193,3837714851,"=""80786548399894861""","=""80786548399899129""","=""720575940616852894""","=""720575940616046363""",592448,216892,83520,"=""720575940616852894""",FALSE,"="""""
205961290,582440,214948,82800,582404,214844,82840,969.192504882812,138,2528735655,3837068243,"=""80645742191998342""","=""80645742192042091""","=""720575940619059497""","=""720575940616046363""",582440,214948,82800,"=""720575940619059497""",TRUE,"="""""
205961338,582272,214740,82920,582264,214848,82880,308.849609375,141,3572214263,2268992762,"=""80645742192066270""","=""80645742192049481""","=""720575940613725708""","=""720575940616046363""",582272,214740,82920,"=""720575940613725708""",TRUE,"="""""
205961453,583112,214192,83480,583096,214144,83400,91.0273361206055,41,2527458123,3836428693,"=""80645742192084947""","=""80645742192063755""","=""720575940628113292""","=""720575940616046363""",583112,214192,83480,"=""720575940628113292""",TRUE,"="""""
205961454,583060,214240,83480,583000,214164,83400,22.1499290466309,93,2527458123,3836428693,"=""80645742192064982""","=""80645742192063755""","=""720575940628113292""","=""720575940616046363""",583060,214240,83480,"=""720575940628113292""",FALSE,"="""""
205961501,582268,213816,83760,582164,213904,83720,682.98486328125,141,2527458123,3836428693,"=""80645742192072691""","=""80645742192072709""","=""720575940628113292""","=""720575940616046363""",582268,213816,83760,"=""720575940628113292""",TRUE,"="""""
205961812,583260,213992,83280,583228,214080,83240,566.341552734375,141,3051428650,3836428693,"=""80645742192064927""","=""80645742192063755""","=""720575940632437856""","=""720575940616046363""",583260,213992,83280,"=""720575940632437856""",TRUE,"="""""
205961861,586196,216544,83400,586092,216428,83400,252.878646850586,148,2790402780,3837070077,"=""80716179655720980""","=""80716179655726492""","=""720575940624804248""","=""720575940616046363""",586196,216544,83400,"=""720575940624804248""",TRUE,"="""""
205961887,585844,216400,83480,585952,216336,83480,22.0545349121094,88,2659892065,3837070077,"=""80716179655722310""","=""80716179655726492""","=""720575940610903062""","=""720575940616046363""",585844,216400,83480,"=""720575940610903062""",FALSE,"="""""
205961888,585872,216400,83480,585996,216408,83480,299.748992919922,133,2659892065,3837070077,"=""80716179655722310""","=""80716179655726492""","=""720575940610903062""","=""720575940616046363""",585872,216400,83480,"=""720575940610903062""",FALSE,"="""""
205961904,585868,215660,83520,585776,215716,83520,449.921020507812,146,2528735655,3837070108,"=""80716179655720511""","=""80716179655726328""","=""720575940619059497""","=""720575940616046363""",585868,215660,83520,"=""720575940619059497""",TRUE,"="""""
205961915,585112,215728,83560,585188,215880,83560,358.676971435547,150,2527458123,3837068572,"=""80645810911447011""","=""80645810911546987""","=""720575940628113292""","=""720575940616046363""",585112,215728,83560,"=""720575940628113292""",TRUE,"="""""
205961919,585804,216288,83560,585872,216172,83560,462.193054199219,141,2659892065,3837070077,"=""80716179655740992""","=""80716179655726492""","=""720575940610903062""","=""720575940616046363""",585804,216288,83560,"=""720575940610903062""",TRUE,"="""""
205961931,585680,216156,83680,585644,216056,83600,20.1201114654541,143,0,3837068572,"=""80716179655711504""","=""80716179655727879""","=""720575940610903062""","=""720575940616046363""",585680,216156,83680,"=""720575940610903062""",FALSE,"="""""
205961943,585676,216152,83680,585680,216060,83680,240.304168701172,144,2659892065,0,"=""80716179655711504""","=""80716179655729252""","=""720575940610903062""","=""720575940616046363""",585676,216152,83680,"=""720575940610903062""",TRUE,"="""""
206058842,582656,212312,82400,582568,212380,82440,10.5046405792236,139,2528097786,2268992762,"=""80645742125631228""","=""80645742125682428""","=""720575940628115084""","=""720575940616046363""",582656,212312,82400,"=""720575940628115084""",TRUE,"="""""
206058855,582752,212612,82720,582656,212600,82720,332.696105957031,148,2528097786,2268992762,"=""80645742191976195""","=""80645742191979170""","=""720575940628115084""","=""720575940616046363""",582752,212612,82720,"=""720575940628115084""",FALSE,"="""""
206058928,582868,212504,82920,582724,212456,82920,27.786678314209,130,2528097786,3836428621,"=""80645742192040898""","=""80645742191979170""","=""720575940628115084""","=""720575940616046363""",582868,212504,82920,"=""720575940628115084""",TRUE,"="""""
206058953,582888,212516,83000,582768,212500,82960,444.129333496094,77,2528097786,3836428621,"=""80645742191977559""","=""80645742191979170""","=""720575940628115084""","=""720575940616046363""",582888,212516,83000,"=""720575940628115084""",TRUE,"="""""
206059073,582980,212712,83560,582988,212620,83560,367.368103027344,139,2527458123,3836428723,"=""80645742192066017""","=""80645742192068651""","=""720575940628113292""","=""720575940616046363""",582980,212712,83560,"=""720575940628113292""",TRUE,"="""""
206059290,584760,211264,82480,584648,211168,82440,1338.439453125,142,2791042904,2268992762,"=""80645673406153616""","=""80645673406162202""","=""720575940629359076""","=""720575940616046363""",584760,211264,82480,"=""720575940629359076""",TRUE,"="""""
206059323,584260,211596,82640,584188,211488,82680,411.151031494141,153,2791042904,2268992762,"=""80645742191968777""","=""80645742192003415""","=""720575940629359076""","=""720575940616046363""",584260,211596,82640,"=""720575940629359076""",FALSE,"="""""
206059384,584124,211736,82800,584012,211664,82800,440.864776611328,144,2791042904,2268992762,"=""80645742191970258""","=""80645742192036366""","=""720575940629359076""","=""720575940616046363""",584124,211736,82800,"=""720575940629359076""",TRUE,"="""""
