"","bodyid"
"1","1888183031"
"2","1888183512"
"3","1888528200"
"4","1918885778"
"5","1918889952"
"6","1978908720"
"7","2009953077"
"8","5813066988"
"9","1884138473"
"10","1977898840"
"11","1977898894"
"12","2039623367"
"13","2101685376"
"14","2133060479"
"15","5813000247"
"16","1758664692"
"17","1790027507"
"18","1790027663"
"19","1790027860"
"20","1821053937"
"21","1821054097"
"22","1821395094"
"23","1821395351"
"24","1852084817"
"25","1883447409"
"26","1883447515"
"27","1883783683"
"28","1883783710"
"29","1883783723"
"30","1883783769"
"31","1883783906"
"32","1883783945"
"33","1884125111"
"34","1977208602"
"35","1977545462"
"36","1977545573"
"37","1977553534"
"38","1977890767"
"39","2008239574"
"40","2008579902"
"41","2008920639"
"42","5812999623"
"43","5812999627"
"44","5813034409"
"45","5901202939"
"46","2131372466"
"47","2131372546"
"48","2131372734"
"49","2131372750"
"50","2131377138"
"51","2131705304"
"52","2131709474"
"53","2131713897"
"54","2162402915"
"55","2162739943"
"56","1574160090"
"57","1574164579"
"58","1574501116"
"59","1605194797"
"60","1605195203"
"61","1605204164"
"62","1605204239"
"63","1605864500"
"64","1636225559"
"65","1636225589"
"66","1636225661"
"67","1636238769"
"68","1636240001"
"69","1636898862"
"70","1639010352"
"71","1639368236"
"72","1639381243"
"73","1639709286"
"74","1639709508"
"75","1639709544"
"76","1667260273"
"77","1667264339"
"78","1667933626"
"79","1668676767"
"80","1671305698"
"81","1671629585"
"82","1671970762"
"83","1701343239"
"84","1703359176"
"85","5812993853"
"86","5812995240"
"87","1574160129"
"88","1574833154"
"89","1575170261"
"90","1639938708"
"91","1669949998"
"92","1670627821"
"93","1671620813"
"94","1671629267"
"95","1671629301"
"96","1671966064"
"97","1671966114"
"98","1671966254"
"99","1671970212"
"100","1671970238"
"101","1671970367"
"102","1671970683"
"103","1671974365"
"104","1672307311"
"105","1672311578"
"106","1672311668"
"107","1672315788"
"108","1672639485"
"109","1672643988"
"110","1672652372"
"111","1702301766"
"112","1703337673"
"113","1703342190"
"114","1703678670"
"115","1703682799"
"116","1703682848"
"117","1703682852"
"118","1703683023"
"119","1703683156"
"120","1704006659"
"121","1704011227"
"122","1734350776"
"123","1734350800"
"124","1734350801"
"125","1734350808"
"126","1734350882"
"127","1734355225"
"128","1734355247"
"129","1734355428"
"130","1734355450"
"131","1734359876"
"132","1734691670"
"133","1734691780"
"134","1734691853"
"135","1734691865"
"136","1734696429"
"137","1734696604"
"138","1734705240"
"139","1735032816"
"140","1735037070"
"141","1735037194"
"142","1735037273"
"143","1735041817"
"144","1735041965"
"145","1735042035"
"146","1735050696"
"147","1735050861"
"148","1735054428"
"149","1735054607"
"150","1735058800"
"151","1735378183"
"152","1735378225"
"153","1735378236"
"154","1735382530"
"155","1735382574"
"156","1735386920"
"157","1735391275"
"158","1735395504"
"159","1735395524"
"160","1764699151"
"161","1764703552"
"162","1765040222"
"163","1765044577"
"164","1765044896"
"165","1765053669"
"166","1765381455"
"167","1765386030"
"168","1765403303"
"169","1765727039"
"170","1765731259"
"171","1766067809"
"172","1766068129"
"173","1766068147"
"174","1766068153"
"175","1766409090"
"176","1766413024"
"177","1766753982"
"178","1766754285"
"179","1766758683"
"180","1766762919"
"181","1795402166"
"182","1795734015"
"183","1795742734"
"184","1796075454"
"185","1796075469"
"186","1796080038"
"187","1796416505"
"188","1796420624"
"189","1796757192"
"190","1796757522"
"191","1796761826"
"192","1796766157"
"193","1797439276"
"194","1797443721"
"195","1797789401"
"196","1797793830"
"197","1826773575"
"198","1826773768"
"199","1826773830"
"200","1827110060"
"201","1827114589"
"202","1827446803"
"203","1827633289"
"204","1858162227"
"205","1858486077"
"206","1858822939"
"207","1859190013"
"208","5812995356"
"209","5812995402"
"210","5812995437"
"211","5812996079"
"212","5812996926"
"213","5812996943"
"214","5813020396"
"215","5813054729"
"216","5813083386"
"217","5813134848"
"218","5901204334"
"219","5901204564"
"220","5901210481"
"221","1669017843"
"222","1669358817"
"223","1669699714"
"224","1669946117"
"225","1670382036"
"226","1670386270"
"227","1670390647"
"228","1671659809"
"229","1700393451"
"230","1701675592"
"231","1701757711"
"232","1702107389"
"233","1702802179"
"234","1732792926"
"235","1732797061"
"236","1733491818"
"237","1733833296"
"238","1796818061"
"239","1796822470"
"240","1826929327"
"241","5812994702"
"242","5813040847"
"243","5901198995"
"244","5901202409"
"245","1670972802"
"246","1672311674"
"247","1701960169"
"248","1702811119"
"249","1703147500"
"250","1703151910"
"251","1703342127"
"252","1703683329"
"253","1703683340"
"254","1733850183"
"255","1734182300"
"256","1734713656"
"257","1734713691"
"258","1734717736"
"259","1828163812"
"260","1828163960"
"261","1828168162"
"262","1669018125"
"263","1670045712"
"264","1670386039"
"265","1671288363"
"266","1701424950"
"267","1605198915"
"268","1605864501"
"269","1636225564"
"270","1636225622"
"271","1636229688"
"272","1636229755"
"273","1636238971"
"274","1636899236"
"275","1666928084"
"276","1667260236"
"277","1667260271"
"278","1667933640"
"279","1667933908"
"280","1668611764"
"281","1669018304"
"282","1669704840"
"283","1670045635"
"284","1670381907"
"285","1700052335"
"286","1732455860"
"287","1732719013"
"288","1733387903"
"289","1764168474"
"290","1764764305"
"291","1765101135"
"292","1765101274"
"293","1765105564"
"294","1765109775"
"295","1765446721"
"296","1794543004"
"297","1795091692"
"298","1795100335"
"299","1795777790"
"300","1795786203"
"301","5812996083"
"302","1605199651"
"303","1636225502"
"304","1636233881"
"305","1637239858"
"306","1637239941"
"307","1637239975"
"308","1637240364"
"309","1667255933"
"310","1667264461"
"311","1667277506"
"312","1668616407"
"313","1669622057"
"314","1669967018"
"315","1670640429"
"316","1699711025"
"317","1699711114"
"318","1732451638"
"319","1765104972"
"320","1796481518"
"321","1827516518"
"322","1827516566"
"323","1827861908"
"324","1858896269"
"325","1919589289"
"326","1919934500"
"327","1920629312"
"328","1766443374"
"329","1797478034"
"330","1797814929"
"331","1797814956"
"332","1797815029"
"333","1797815065"
"334","1828841178"
"335","1828845647"
"336","1828845666"
"337","1858171515"
"338","1858512256"
"339","1858517007"
"340","1858857698"
"341","1858857867"
"342","1858857875"
"343","1859194620"
"344","1859880427"
"345","1859880766"
"346","1860225715"
"347","1889201905"
"348","1889202081"
"349","1889205779"
"350","1889206087"
"351","1889206117"
"352","1889206157"
"353","1889210507"
"354","1889547160"
"355","1889556189"
"356","1889883640"
"357","1889883843"
"358","1889892278"
"359","1889892543"
"360","1890233501"
"361","1890574706"
"362","1919904032"
"363","1920586193"
"364","1920590263"
"365","1920590422"
"366","1950943744"
"367","1950948074"
"368","2046090071"
"369","5813046199"
"370","1635893554"
"371","1638315078"
"372","1666923720"
"373","1666936597"
"374","1667592575"
"375","1669272579"
"376","1669726032"
"377","1670282465"
"378","1670623676"
"379","1697280847"
"380","1699711405"
"381","1699715276"
"382","1699719901"
"383","1699962188"
"384","1700635321"
"385","1700639697"
"386","1700639720"
"387","1700652037"
"388","1700980593"
"389","1700980626"
"390","1700980659"
"391","1700980693"
"392","1700980727"
"393","1702021357"
"394","1731312117"
"395","1731640090"
"396","5812993881"
"397","5812995195"
"398","5812996810"
"399","1637231631"
"400","1639230478"
"401","1668258376"
"402","1669919865"
"403","1670247742"
"404","1670252047"
"405","1670252082"
"406","1670252091"
"407","1670252125"
"408","1670256057"
"409","1670256074"
"410","1670256121"
"411","1670256123"
"412","1670256170"
"413","1670256200"
"414","1670256208"
"415","1670256226"
"416","1670256275"
"417","1670256285"
"418","1670256369"
"419","1670256374"
"420","1670256379"
"421","1670584497"
"422","1670588784"
"423","1670588790"
"424","1670593041"
"425","1670593195"
"426","1670593240"
"427","1670597202"
"428","1670597359"
"429","1699961833"
"430","1699961883"
"431","1699961956"
"432","1699962012"
"433","1699962040"
"434","1699962056"
"435","1700294219"
"436","1700298673"
"437","1700596143"
"438","1700604830"
"439","1700604898"
"440","1700604950"
"441","1700604978"
"442","1700609155"
"443","1700609238"
"444","1700609292"
"445","1700609325"
"446","1700613376"
"447","1700613391"
"448","1700613524"
"449","1700613531"
"450","1700613639"
"451","1700617897"
"452","1700932816"
"453","1700932879"
"454","1700941352"
"455","1700941431"
"456","1700941475"
"457","1700941629"
"458","1700941902"
"459","1700946085"
"460","1700946302"
"461","1701273869"
"462","1701277993"
"463","1701278023"
"464","1701282729"
"465","1701286638"
"466","1701287251"
"467","1701614773"
"468","1701614779"
"469","1701614885"
"470","1701614980"
"471","1701614996"
"472","1701628254"
"473","1701628317"
"474","1701960292"
"475","1731626597"
"476","1731626686"
"477","1763693549"
"478","1795056456"
"479","5812995347"
"480","5813132919"
"481","1635888647"
"482","1669915315"
"483","1699957886"
"484","1700596168"
"485","1700635521"
"486","1700937308"
"487","1731298838"
"488","1731307775"
"489","1731631051"
"490","1731631097"
"491","1793014297"
"492","1793014384"
"493","1793351123"
"494","1794374434"
"495","5813047527"
"496","1668943729"
"497","1669919662"
"498","1669928802"
"499","1700298962"
"500","1700600598"
"501","1700605059"
"502","1700605075"
"503","1731290073"
"504","1731294438"
"505","1731303224"
"506","1731303242"
"507","1731626687"
"508","1731626696"
"509","1731631162"
"510","1731631196"
"511","1762657390"
"512","1762661722"
"513","1793010051"
"514","1793692357"
"515","1793696526"
"516","1794711172"
"517","5812995297"
"518","5813039011"
"519","5901204684"
"520","1575170548"
"521","1605190412"
"522","1605864107"
"523","1605864206"
"524","1605864211"
"525","1605864308"
"526","1605864432"
"527","1609874147"
"528","1609878729"
"529","1609878899"
"530","1609878900"
"531","1609883139"
"532","1609883285"
"533","1610219941"
"534","1610224198"
"535","1637983203"
"536","1639921179"
"537","1639943177"
"538","1640568208"
"539","1640568218"
"540","1640568272"
"541","1640572862"
"542","1640572939"
"543","1640577143"
"544","1640581107"
"545","1640909365"
"546","1640913594"
"547","1640922302"
"548","1640922390"
"549","1640926761"
"550","1641250106"
"551","1641250297"
"552","1641250391"
"553","1641250455"
"554","1641254353"
"555","1641254638"
"556","1641255096"
"557","1641258867"
"558","1641258972"
"559","1641259066"
"560","1641259252"
"561","1641263276"
"562","1641263547"
"563","1641595549"
"564","1641600157"
"565","1670631838"
"566","1671598776"
"567","1671603165"
"568","1671603266"
"569","1671608037"
"570","1671611615"
"571","1671620549"
"572","1671621030"
"573","1671625186"
"574","1671939855"
"575","1671961938"
"576","1671965948"
"577","1671966229"
"578","1671966294"
"579","1671966374"
"580","1672298077"
"581","1672298153"
"582","1672302763"
"583","1701960710"
"584","1702301737"
"585","1702810993"
"586","1703315602"
"587","1703337982"
"588","1703665922"
"589","1732990851"
"590","1732990947"
"591","1733673153"
"592","1734350602"
"593","1734717557"
"594","1765398738"
"595","1828500243"
"596","5812994291"
"597","5812996088"
"598","5813020395"
"599","5813082964"
"600","5813133404"
"601","5901204637"
"602","5901206094"
"603","1605190560"
"604","1605522829"
"605","1605863918"
"606","1605863963"
"607","1605864014"
"608","1636557945"
"609","1639579954"
"610","1639588874"
"611","1639588904"
"612","1639921133"
"613","1639925359"
"614","1640257586"
"615","1640585539"
"616","1640926495"
"617","1670286565"
"618","1670286643"
"619","1670290830"
"620","1670290840"
"621","1670411672"
"622","1670618642"
"623","1670623318"
"624","1670623474"
"625","5901195764"
"626","1670748385"
"627","1670761442"
"628","1670934124"
"629","1670934131"
"630","1670938437"
"631","1670938446"
"632","1670942575"
"633","1671270646"
"634","1671270988"
"635","1671271059"
"636","1671271189"
"637","1671275020"
"638","1671275383"
"639","1671283628"
"640","1671283826"
"641","1671616310"
"642","1671616374"
"643","1671616397"
"644","1671616495"
"645","1671620573"
"646","1671621020"
"647","1671625238"
"648","1671625304"
"649","1701965099"
"650","1702301695"
"651","1702647113"
"652","1703000805"
"653","1733176434"
"654","5901206814"
"655","5901210175"
"656","1574159751"
"657","1574159997"
"658","1574164298"
"659","1575170425"
"660","1604858244"
"661","1604858301"
"662","1605186174"
"663","1605186300"
"664","1605186410"
"665","1605190291"
"666","1605190489"
"667","1605190625"
"668","1605194516"
"669","1605203628"
"670","1605205438"
"671","1605523130"
"672","1605864018"
"673","1636557601"
"674","1639252213"
"675","1639593146"
"676","1639925326"
"677","1640050851"
"678","1640279391"
"679","1669021944"
"680","1669621744"
"681","1669716903"
"682","1669716934"
"683","1669721441"
"684","1669725839"
"685","1669730156"
"686","1669928799"
"687","1669933011"
"688","1670269656"
"689","1635884589"
"690","1636221240"
"691","1666582562"
"692","1666582877"
"693","1666583002"
"694","1666586731"
"695","1666587007"
"696","1666591156"
"697","1666910607"
"698","1666914948"
"699","1666914962"
"700","1666914994"
"701","1666915045"
"702","1666915165"
"703","1666915169"
"704","1666919180"
"705","1666919287"
"706","1666954322"
"707","1667251907"
"708","1667592917"
"709","1668262697"
"710","1668266547"
"711","1668266562"
"712","1668599546"
"713","1668603328"
"714","1668603435"
"715","1668603457"
"716","1668940163"
"717","1668940289"
"718","1668944307"
"719","1668948547"
"720","1669280923"
"721","1669281037"
"722","1669626597"
"723","1697276582"
"724","1697276648"
"725","1697276695"
"726","1697280950"
"727","1697285307"
"728","1697285565"
"729","1697605071"
"730","1697608860"
"731","1697609151"
"732","1697613072"
"733","1697613132"
"734","1697613170"
"735","1697613300"
"736","1697613314"
"737","1697613466"
"738","1697613513"
"739","1697613650"
"740","1697617556"
"741","1697621981"
"742","1697945569"
"743","1697954189"
"744","1697958405"
"745","1697988867"
"746","1697993770"
"747","1698002425"
"748","1698274536"
"749","1698278095"
"750","1698278346"
"751","1698618858"
"752","1698619179"
"753","1698619238"
"754","1698623120"
"755","1698623131"
"756","1698693312"
"757","1699379523"
"758","1699633680"
"759","1699637626"
"760","1700299033"
"761","1700303013"
"762","1700303249"
"763","1700652765"
"764","1700657154"
"765","1730319288"
"766","1760770838"
"767","1790760961"
"768","5812995278"
"769","5812995952"
"770","5813039013"
"771","5813054710"
"772","5813054760"
"773","5813060170"
"774","1667929661"
"775","1697613458"
"776","1697613611"
"777","1697617570"
"778","1697617587"
"779","1697621973"
"780","1697621991"
"781","1697949895"
"782","1697949977"
"783","1697954208"
"784","1728984763"
"785","1762109467"
"786","1762463737"
"787","1762804655"
"788","1791442945"
"789","1791784000"
"790","1791784002"
"791","1791784004"
"792","1791784021"
"793","1791784044"
"794","1792125082"
"795","1792461775"
"796","1792802753"
"797","1792802765"
"798","1793143865"
"799","1793489216"
"800","1793489224"
"801","1793489249"
"802","1793498041"
"803","1793498432"
"804","1793830155"
"805","1793830259"
"806","1793830280"
"807","1793830307"
"808","1794171596"
"809","1794793680"
"810","1824472937"
"811","1824813936"
"812","1824865496"
"813","1854536305"
"814","1854876962"
"815","1856513745"
"816","5812995235"
"817","5812997703"
"818","5813056642"
"819","5813085919"
"820","1543124896"
"821","1543124950"
"822","1543124957"
"823","1605190359"
"824","1605190603"
"825","1605190615"
"826","1605523221"
"827","1635893275"
"828","1635893359"
"829","1635893408"
"830","1635893414"
"831","1635893421"
"832","1635893494"
"833","1636221010"
"834","1636221143"
"835","1636221188"
"836","1636225271"
"837","1636225296"
"838","1636225341"
"839","1636225363"
"840","1636225489"
"841","1636225517"
"842","1636225531"
"843","1636233970"
"844","1636233979"
"845","1636234012"
"846","1636234045"
"847","1636238659"
"848","1636238887"
"849","1636239206"
"850","1636558202"
"851","1636558291"
"852","1636558405"
"853","1667260226"
"854","1667260242"
"855","1667592446"
"856","1667592481"
"857","1667592552"
"858","1667597008"
"859","1667933862"
"860","1668335478"
"861","1669363503"
"862","1669699436"
"863","1669708938"
"864","1669716941"
"865","1669721587"
"866","1670286938"
"867","1670291083"
"868","1670295588"
"869","1670299473"
"870","1670623716"
"871","1670628153"
"872","1670632284"
"873","1670632335"
"874","1670632384"
"875","1670632390"
"876","1671292634"
"877","1671292694"
"878","1699715494"
"879","1700739144"
"880","1700743216"
"881","1700980443"
"882","1700984539"
"883","5812995265"
"884","5901193506"
"885","5901201372"
"886","1636558008"
"887","1635893150"
"888","1666578629"
"889","1666587375"
"890","1666915031"
"891","1666915408"
"892","1666919260"
"893","1666919676"
"894","1666923427"
"895","1666923551"
"896","1666928495"
"897","1667247553"
"898","1667592954"
"899","1667929794"
"900","1667995030"
"901","1668607518"
"902","1696948638"
"903","1697281203"
"904","1697285520"
"905","1697285571"
"906","1697285610"
"907","1697609381"
"908","1697613506"
"909","1697621641"
"910","1697648168"
"911","1697941039"
"912","1698334367"
"913","1698338840"
"914","1698338865"
"915","1698338958"
"916","1698343052"
"917","1700984878"
"918","1727961873"
"919","1727970209"
"920","1727970309"
"921","1727987554"
"922","1727996245"
"923","1728298525"
"924","1728307233"
"925","1728311554"
"926","1728311658"
"927","1728652192"
"928","1729312828"
"929","1729650077"
"930","1729995175"
"931","1729999155"
"932","1759670012"
"933","1761354106"
"934","1789742943"
"935","1789747116"
"936","1790078970"
"937","1790079036"
"938","1790083460"
"939","1790770089"
"940","1792807347"
"941","5813015576"
"942","5813062184"
"943","5813089348"
"944","1667593083"
"945","1697953882"
"946","1763763019"
"947","1794171349"
"948","1794175616"
"949","1794175669"
"950","1856586855"
"951","1857605764"
"952","1888286216"
"953","5812997699"
"954","5813060890"
"955","1666919254"
"956","1666919411"
"957","1666923367"
"958","1666923703"
"959","1666928150"
"960","1666932304"
"961","1666932688"
"962","1666932850"
"963","1667260659"
"964","1667281839"
"965","1667592674"
"966","1667592980"
"967","1667593128"
"968","1667597412"
"969","1667933931"
"970","1667934038"
"971","1667934041"
"972","1668270697"
"973","1669621996"
"974","1697949646"
"975","1699698428"
"976","1700328422"
"977","1732110512"
"978","1732714479"
"979","1732719340"
"980","1733402071"
"981","1763136670"
"982","1763136774"
"983","1763141118"
"984","1763145263"
"985","1763145289"
"986","1763149978"
"987","1763417310"
"988","1763473480"
"989","1763477766"
"990","1763486214"
"991","1763823186"
"992","1763831814"
"993","1763836115"
"994","1764427482"
"995","1764431422"
"996","1764445682"
"997","1794119455"
"998","1794171243"
"999","1794171277"
"1000","1795138938"
"1001","1795484390"
"1002","1826492720"
"1003","1826566083"
"1004","1889266295"
"1005","5812995261"
"1006","5812996886"
"1007","5812997711"
"1008","5812997715"
"1009","5812997727"
"1010","5813041479"
"1011","5813083541"
"1012","5813087898"
"1013","5813129668"
"1014","1697263685"
"1015","1730651423"
"1016","1730651473"
"1017","1731298907"
"1018","1759662154"
"1019","1761992915"
"1020","1793010029"
"1021","1793014580"
"1022","1793019211"
"1023","1793346872"
"1024","1822055297"
"1025","1822055337"
"1026","1822055381"
"1027","1822060683"
"1028","1823363190"
"1029","1823367829"
"1030","1823708611"
"1031","1823712908"
"1032","1823713211"
"1033","1823717721"
"1034","1824054016"
"1035","1854407104"
"1036","1885101169"
"1037","5812996056"
"1038","5812996809"
"1039","5812998445"
"1040","5812999707"
"1041","5813034197"
"1042","5813034301"
"1043","1635884784"
"1044","1635889014"
"1045","1635889103"
"1046","1637568633"
"1047","1666578148"
"1048","1666578327"
"1049","1666578620"
"1050","1666578623"
"1051","1666578624"
"1052","1666586873"
"1053","1666596157"
"1054","1666910636"
"1055","1666910690"
"1056","1666914838"
"1057","1666915198"
"1058","1666915286"
"1059","1667247833"
"1060","1697272285"
"1061","1697276313"
"1062","1697280776"
"1063","1697285165"
"1064","1697600363"
"1065","1697604748"
"1066","1697608583"
"1067","1697630404"
"1068","1697937875"
"1069","1697945551"
"1070","1698278105"
"1071","1698618777"
"1072","1730315051"
"1073","1730647280"
"1074","1730988388"
"1075","1731325118"
"1076","1761660556"
"1077","5812995946"
"1078","5813039012"
"1079","2200228723"
"1080","2200228798"
"1081","2200569724"
"1082","2230926964"
"1083","2230931053"
"1084","2230931077"
"1085","2230931155"
"1086","2231284881"
"1087","2231289277"
"1088","2231289333"
"1089","2231289424"
"1090","2231289459"
"1091","2231289545"
"1092","2231289597"
"1093","2231293819"
"1094","2231293853"
"1095","2231298121"
"1096","2231298154"
"1097","2231298170"
"1098","2261637853"
"1099","2261965878"
"1100","2261970553"
"1101","2261987736"
"1102","2261992182"
"1103","2262324036"
"1104","2262324061"
"1105","2262328440"
"1106","2262328549"
"1107","2262332862"
"1108","2290303228"
"1109","2291999690"
"1110","2292327595"
"1111","2292672665"
"1112","2320655662"
"1113","2321001244"
"1114","2321337738"
"1115","5813005580"
"1116","5813034811"
"1117","5813046796"
"1118","2200228767"
"1119","2320983805"
"1120","1890907348"
"1121","1890911584"
"1122","1921255488"
"1123","1921255581"
"1124","1921264210"
"1125","1921587901"
"1126","1921587989"
"1127","1921588005"
"1128","1921592406"
"1129","1921605218"
"1130","1921605351"
"1131","1921609426"
"1132","1921609470"
"1133","1921928933"
"1134","1921933123"
"1135","1921933455"
"1136","1921937701"
"1137","1921954890"
"1138","1922299788"
"1139","1922299935"
"1140","1952622416"
"1141","1952622768"
"1142","1953330644"
"1143","1983329638"
"1144","1983675059"
"1145","1984007485"
"1146","1984011455"
"1147","2013678148"
"1148","5813000306"
"1149","5813000307"
"1150","5813000313"
"1151","5813000836"
"1152","5813000842"
"1153","5813024623"
"1154","5813034465"
"1155","5813056694"
"1156","1984361258"
"1157","2013332880"
"1158","2013674001"
"1159","2015400778"
"1160","2044026843"
"1161","2044026850"
"1162","2044363269"
"1163","2044699904"
"1164","2074724481"
"1165","2075074743"
"1166","2075398249"
"1167","2075402508"
"1168","2076425439"
"1169","5812996090"
"1170","5813000834"
"1171","5813000835"
"1172","5813002857"
"1173","5813017410"
"1174","5813018704"
"1175","5813024616"
"1176","5813024620"
"1177","5813034363"
"1178","5813034368"
"1179","5813046209"
"1180","1920301256"
"1181","1982717040"
"1182","2013751519"
"1183","2013751940"
"1184","2044786163"
"1185","2044786423"
"1186","2044786654"
"1187","2044786718"
"1188","2107525263"
"1189","2107529953"
"1190","2107866390"
"1191","2138560828"
"1192","2138896652"
"1193","2138897318"
"1194","2169595273"
"1195","2169936327"
"1196","2199244414"
"1197","2199248827"
"1198","2199257831"
"1199","2200626077"
"1200","2200958472"
"1201","2229929673"
"1202","2229947231"
"1203","2231656529"
"1204","5813000296"
"1205","5813002333"
"1206","5813002862"
"1207","5813004203"
"1208","5813056797"
"1209","2072410774"
"1210","2134821858"
"1211","2228569805"
"1212","2228569835"
"1213","2228573847"
"1214","2228574181"
"1215","2228578702"
"1216","2228906708"
"1217","2228906716"
"1218","2228910793"
"1219","2228910820"
"1220","2228910920"
"1221","2228914940"
"1222","2228915178"
"1223","2228915232"
"1224","2228915244"
"1225","2228915274"
"1226","2259608595"
"1227","2259618324"
"1228","2259941071"
"1229","2290294508"
"1230","5813003342"
"1231","5813003791"
"1232","5813005556"
"1233","5901200000"
"1234","5901215173"
"1235","1605205482"
"1236","1636899254"
"1237","1667933591"
"1238","1701675332"
"1239","1732451471"
"1240","1795544444"
"1241","1795544483"
"1242","1827861955"
"1243","1920042851"
"1244","1921311314"
"1245","1921648917"
"1246","1921989317"
"1247","1951638471"
"1248","1951638593"
"1249","1951638641"
"1250","1951642788"
"1251","2012469791"
"1252","2042027880"
"1253","2106472221"
"1254","2137165879"
"1255","2137165899"
"1256","2137506724"
"1257","2137507224"
"1258","2137511265"
"1259","5813004185"
"1260","1982716575"
"1261","2013751718"
"1262","2013751786"
"1263","2013751862"
"1264","2013751890"
"1265","2013751896"
"1266","2013755484"
"1267","2076494885"
"1268","2107167189"
"1269","2107176159"
"1270","2107508333"
"1271","2107508409"
"1272","2138547055"
"1273","2169228241"
"1274","5813077779"
"1275","1883469572"
"1276","1883473629"
"1277","2008631840"
"1278","2012698272"
"1279","2043042499"
"1280","2073049935"
"1281","2073386494"
"1282","2073386503"
"1283","2073386507"
"1284","2073390652"
"1285","2073390873"
"1286","2073723397"
"1287","2073723619"
"1288","2074413812"
"1289","2104429901"
"1290","5812999097"
"1291","5812999215"
"1292","5813077826"
"1293","1789695647"
"1294","1977596902"
"1295","2041035230"
"1296","2072411270"
"1297","2104097978"
"1298","2105448977"
"1299","2105448995"
"1300","2105449001"
"1301","2105449028"
"1302","2105453118"
"1303","2105453119"
"1304","2105453184"
"1305","2105453255"
"1306","2105457595"
"1307","2105789828"
"1308","2105789935"
"1309","2105790068"
"1310","2105794119"
"1311","2105794279"
"1312","2105798782"
"1313","2105798812"
"1314","2106135212"
"1315","2106135249"
"1316","2136146972"
"1317","2136151495"
"1318","2137170131"
"1319","2197876080"
"1320","5813018827"
"1321","1852093674"
"1322","1852097284"
"1323","1883468979"
"1324","1883469292"
"1325","1883469542"
"1326","1883469558"
"1327","1945875433"
"1328","1977597054"
"1329","1977600880"
"1330","1977933882"
"1331","2008631215"
"1332","2009309602"
"1333","2009655004"
"1334","2040348807"
"1335","2040348896"
"1336","2040677122"
"1337","2040681011"
"1338","2040685505"
"1339","2040689820"
"1340","2041026442"
"1341","2071715595"
"1342","2072070166"
"1343","2072397710"
"1344","2103079192"
"1345","2103100204"
"1346","2103104826"
"1347","2103428527"
"1348","2103441206"
"1349","2134817763"
"1350","2135145228"
"1351","2135482607"
"1352","2165830935"
"1353","5813050676"
"1354","2102751384"
"1355","2103446612"
"1356","2134472645"
"1357","2134822126"
"1358","2134822333"
"1359","2165157838"
"1360","2165166131"
"1361","2165170658"
"1362","2165844209"
"1363","2166871719"
"1364","2196192146"
"1365","2197224079"
"1366","5813090624"
"1367","1789034579"
"1368","1882790992"
"1369","1883128139"
"1370","1883133491"
"1371","1914500037"
"1372","2007604041"
"1373","2008627426"
"1374","2038980593"
"1375","2039666921"
"1376","2070351726"
"1377","2101723222"
"1378","2102065009"
"1379","2102410195"
"1380","2163793289"
"1381","2163793358"
"1382","2164130952"
"1383","5812999669"
"1384","5901202025"
"1385","5901209981"
"1386","2138849727"
"1387","2169198172"
"1388","2169198190"
"1389","2169538985"
"1390","2197158842"
"1391","2197158864"
"1392","2197500539"
"1393","2197841544"
"1394","2228190346"
"1395","2228194261"
"1396","2228198564"
"1397","2228202851"
"1398","2228531013"
"1399","2228535037"
"1400","2228548225"
"1401","2228885032"
"1402","2229212992"
"1403","2229221710"
"1404","2229230439"
"1405","2229558578"
"1406","2259228827"
"1407","2259241827"
"1408","5812992944"
"1409","5812992948"
"1410","5812993911"
"1411","5812995431"
"1412","5812999764"
"1413","5813000806"
"1414","5813000807"
"1415","5813003357"
"1416","5813003771"
"1417","5813003775"
"1418","5813003777"
"1419","5813003778"
"1420","5813003780"
"1421","5813003782"
"1422","5813004141"
"1423","5813004144"
"1424","5813004196"
"1425","5813004197"
"1426","5813004198"
"1427","5813004600"
"1428","5813004677"
"1429","5813004685"
"1430","5813004686"
"1431","5813004690"
"1432","5813004691"
"1433","5813004694"
"1434","5813004698"
"1435","5813005071"
"1436","5813005072"
"1437","5813005076"
"1438","5813019196"
"1439","5813019197"
"1440","5813024345"
"1441","5813024346"
"1442","5813025556"
"1443","5813025591"
"1444","5813025594"
"1445","5813025654"
"1446","5813031855"
"1447","5813034676"
"1448","5813034687"
"1449","5813034689"
"1450","5813034722"
"1451","5813034753"
"1452","5813049298"
"1453","5813068351"
"1454","5813068997"
"1455","5813069942"
"1456","5813077829"
"1457","1980229841"
"1458","1731631045"
"1459","1731631236"
"1460","1762320660"
"1461","1762320684"
"1462","1762320698"
"1463","1762320708"
"1464","1762657342"
"1465","1793009969"
"1466","1793010128"
"1467","1793014287"
"1468","1793014435"
"1469","1793351108"
"1470","1824049537"
"1471","1824049560"
"1472","1824723104"
"1473","1855412441"
"1474","1856103073"
"1475","1885765506"
"1476","1886447240"
"1477","1886788224"
"1478","1886788295"
"1479","1886788309"
"1480","1886788314"
"1481","1886788340"
"1482","1886788368"
"1483","1886788784"
"1484","1887129331"
"1485","1887466111"
"1486","1887470461"
"1487","1887470632"
"1488","1917823351"
"1489","1917823571"
"1490","1918846818"
"1491","1978209738"
"1492","1979888904"
"1493","1979888922"
"1494","1979888937"
"1495","1980234505"
"1496","1980234579"
"1497","1980575147"
"1498","1980579904"
"1499","1980920883"
"1500","2009235983"
"1501","2009240859"
"1502","2009576932"
"1503","2010587163"
"1504","2010595874"
"1505","2010928213"
"1506","2010928226"
"1507","2010928256"
"1508","2010936968"
"1509","2011269409"
"1510","2040603039"
"1511","2040944240"
"1512","2041962740"
"1513","2041963078"
"1514","2042644919"
"1515","2073343163"
"1516","2074033750"
"1517","2074720301"
"1518","5812996058"
"1519","5812998432"
"1520","5812998436"
"1521","5812998437"
"1522","5812998438"
"1523","5812998440"
"1524","5812998446"
"1525","5812998466"
"1526","5813000234"
"1527","5813000235"
"1528","5813000237"
"1529","5813000250"
"1530","5813002248"
"1531","5813024981"
"1532","5813024983"
"1533","5813034251"
"1534","5813034463"
"1535","5813077757"
"1536","5813125248"
"1537","1917823111"
"1538","1697285129"
"1539","1948172360"
"1540","1948512982"
"1541","1948513200"
"1542","1979206640"
"1543","1979547954"
"1544","2009235834"
"1545","2009235843"
"1546","2009235865"
"1547","2009236011"
"1548","2009236068"
"1549","2009240747"
"1550","2009240803"
"1551","2009240823"
"1552","2010246349"
"1553","2010246433"
"1554","2010582646"
"1555","2010937101"
"1556","2011264911"
"1557","2040266092"
"1558","2040270490"
"1559","2040603130"
"1560","2040939849"
"1561","2040939889"
"1562","2040944536"
"1563","2041281083"
"1564","2041285477"
"1565","2071974816"
"1566","2071974975"
"1567","2072657167"
"1568","2072661366"
"1569","5812996057"
"1570","5812996829"
"1571","5812998469"
"1572","5813002774"
"1573","5813003327"
"1574","5813034117"
"1575","5813069348"
"1576","5901221329"
"1577","2101740474"
"1578","2164833926"
"1579","2227244612"
"1580","2259293756"
"1581","2289992002"
"1582","5813061474"
"1583","2104128574"
"1584","2135163363"
"1585","2135499925"
"1586","2136186428"
"1587","2136526850"
"1588","2167561757"
"1589","2167903289"
"1590","2198247044"
"1591","2229286758"
"1592","2229291065"
"1593","2229632158"
"1594","2261992114"
"1595","5901210546"
"1596","2228242016"
"1597","2228595645"
"1598","2291352085"
"1599","5812995406"
"1600","1758332523"
"1601","1758664807"
"1602","1758673668"
"1603","1820720776"
"1604","1821062060"
"1605","1821062183"
"1606","1821403375"
"1607","1821403404"
"1608","1821403502"
"1609","1821403680"
"1610","1945608021"
"1611","1666586817"
"1612","1758673652"
"1613","1763421945"
"1614","1789370758"
"1615","1789695634"
"1616","1821062423"
"1617","1821062473"
"1618","1821403388"
"1619","1821403418"
"1620","1979967428"
"1621","1980303759"
"1622","1980640296"
"1623","1980644654"
"1624","1980653016"
"1625","2041367679"
"1626","2259613201"
"1627","5813003341"
"1628","1883783789"
"1629","1672316002"
"1630","1672316168"
"1631","1796079753"
"1632","1796757163"
"1633","1827122986"
"1634","1796809680"
"1635","1796813992"
"1636","1796818191"
"1637","1858887650"
"1638","1858892359"
"1639","1859220826"
"1640","1859224592"
"1641","1859224739"
"1642","1859565686"
"1643","1889931525"
"1644","5901201379"
"1645","1704028333"
"1646","1734377152"
"1647","1734377183"
"1648","1734713762"
"1649","1734717804"
"1650","1734717977"
"1651","1734718131"
"1652","1734718175"
"1653","1734718209"
"1654","1734722060"
"1655","1735054729"
"1656","1735058916"
"1657","1735059028"
"1658","1735059070"
"1659","1735059089"
"1660","1735063134"
"1661","1735399719"
"1662","1735399997"
"1663","1735404269"
"1664","1735408330"
"1665","1766434854"
"1666","1828163827"
"1667","1828168256"
"1668","1828504827"
"1669","1828505022"
"1670","1828509124"
"1671","1828509152"
"1672","1859198542"
"1673","1859539329"
"1674","1859539437"
"1675","1796792278"
"1676","1797137624"
"1677","1827840165"
"1678","1828180627"
"1679","1828181229"
"1680","1766111002"
"1681","1795440828"
"1682","1888908241"
"1683","1920927166"
"1684","1699961895"
"1685","1731294496"
"1686","5812995304"
"1687","5812996881"
"1688","1671279391"
"1689","1670260748"
"1690","1670264761"
"1691","1670610554"
"1692","1670960408"
"1693","1701312982"
"1694","1792461774"
"1695","1793153070"
"1696","1794111598"
"1697","1794115672"
"1698","1794452513"
"1699","1794789355"
"1700","1824801327"
"1701","1825146295"
"1702","1825828174"
"1703","1887224752"
"1704","5813041075"
"1705","1729312857"
"1706","1729650124"
"1707","1698286310"
"1708","1888243124"
"1709","1888243465"
"1710","1888247423"
"1711","1888584737"
"1712","5813039449"
"1713","1890570586"
"1714","1890907320"
"1715","1890907372"
"1716","1890915361"
"1717","1890915703"
"1718","1890915794"
"1719","1891256365"
"1720","1891260859"
"1721","1921255349"
"1722","1921255398"
"1723","1921260093"
"1724","1921587758"
"1725","1921592070"
"1726","1921592245"
"1727","1921600436"
"1728","1921600938"
"1729","1921605131"
"1730","1921605227"
"1731","1921937773"
"1732","1921942015"
"1733","1921946032"
"1734","1921950610"
"1735","1921955027"
"1736","1922278546"
"1737","1922282965"
"1738","1922286868"
"1739","1922287349"
"1740","1922291703"
"1741","1922291708"
"1742","1922295452"
"1743","1922295549"
"1744","1922295837"
"1745","1951616602"
"1746","1951940629"
"1747","1951945281"
"1748","1951949599"
"1749","1952281720"
"1750","1952286065"
"1751","1952286144"
"1752","1952294779"
"1753","1952294807"
"1754","1952294823"
"1755","1952303387"
"1756","1952303624"
"1757","1952622748"
"1758","1952631005"
"1759","1952631424"
"1760","1952635585"
"1761","1952635650"
"1762","1952648472"
"1763","1952963898"
"1764","1953326375"
"1765","1953326621"
"1766","1982643277"
"1767","1983657566"
"1768","1983661767"
"1769","1983998527"
"1770","1984007381"
"1771","2013691011"
"1772","2014023478"
"1773","2014036488"
"1774","2014036496"
"1775","2014368773"
"1776","2014377317"
"1777","5813000824"
"1778","5901199543"
"1779","1890915222"
"1780","1922295728"
"1781","1922295855"
"1782","1922299736"
"1783","1953671528"
"1784","1953671540"
"1785","1953671646"
"1786","2012987196"
"1787","2012987253"
"1788","2013328302"
"1789","2013328496"
"1790","2013328601"
"1791","2014382294"
"1792","2015396491"
"1793","2015404634"
"1794","2015404662"
"1795","2044026514"
"1796","2044026917"
"1797","2044030893"
"1798","2044363294"
"1799","2044371693"
"1800","2044704044"
"1801","2044704083"
"1802","2044704085"
"1803","2044704184"
"1804","2044704260"
"1805","2045071470"
"1806","2045412208"
"1807","2045412276"
"1808","2045421319"
"1809","2046094371"
"1810","2046439442"
"1811","2075065746"
"1812","2075398005"
"1813","2075415818"
"1814","2075752213"
"1815","2075752364"
"1816","2076080045"
"1817","2076088889"
"1818","2076110549"
"1819","2076451602"
"1820","2076792416"
"1821","2077133435"
"1822","2106445927"
"1823","2106778450"
"1824","2106778488"
"1825","2106787203"
"1826","2106804199"
"1827","2107140799"
"1828","2107482285"
"1829","2107490705"
"1830","2107823347"
"1831","2136798792"
"1832","2137839363"
"1833","2137839380"
"1834","5812979059"
"1835","5812996091"
"1836","5812996092"
"1837","5813000317"
"1838","5813002329"
"1839","5813003369"
"1840","5813003374"
"1841","5813003379"
"1842","5813003380"
"1843","5813017402"
"1844","5813017404"
"1845","5813017409"
"1846","5813018423"
"1847","5813018705"
"1848","5813018706"
"1849","5813018707"
"1850","5813018708"
"1851","5813018714"
"1852","5813024602"
"1853","5813024603"
"1854","5813024605"
"1855","5813024618"
"1856","5813024619"
"1857","5813024621"
"1858","5813024701"
"1859","5813025198"
"1860","5813034364"
"1861","5813034367"
"1862","5813046210"
"1863","5813050276"
"1864","5813054719"
"1865","5813056704"
"1866","5813062705"
"1867","5813077798"
"1868","2044441348"
"1869","2044445446"
"1870","2044445500"
"1871","2044445769"
"1872","2044445822"
"1873","2044786781"
"1874","2075130919"
"1875","2075131086"
"1876","2075134971"
"1877","2075139532"
"1878","2075471996"
"1879","2075812985"
"1880","2076158214"
"1881","2076162300"
"1882","2076166334"
"1883","2104806086"
"1884","2105492020"
"1885","2105492638"
"1886","2105824677"
"1887","2105833634"
"1888","2105833890"
"1889","2106161668"
"1890","2106166015"
"1891","2106174694"
"1892","2106507156"
"1893","2106514945"
"1894","2106847803"
"1895","2106847811"
"1896","2107184313"
"1897","2107184765"
"1898","2107188772"
"1899","2107188865"
"1900","2107188970"
"1901","2107193033"
"1902","2107197097"
"1903","2107197210"
"1904","2107197699"
"1905","2136522616"
"1906","2136522952"
"1907","2136527298"
"1908","2136863797"
"1909","2136872016"
"1910","2137200772"
"1911","2137204684"
"1912","2137541564"
"1913","2137545862"
"1914","2137550357"
"1915","2137878394"
"1916","2137886901"
"1917","2137891363"
"1918","2138219317"
"1919","2138219330"
"1920","2138223685"
"1921","2138227714"
"1922","2138232396"
"1923","2138232459"
"1924","2138232554"
"1925","2138564577"
"1926","2138569144"
"1927","2138569195"
"1928","2167553250"
"1929","2167885918"
"1930","2167885988"
"1931","2167898830"
"1932","2168235227"
"1933","2168239739"
"1934","2168571819"
"1935","2168571905"
"1936","2168572270"
"1937","2168576352"
"1938","2168576610"
"1939","2168908719"
"1940","2169254031"
"1941","2169267537"
"1942","2169599839"
"1943","2198243007"
"1944","2198579859"
"1945","2198584024"
"1946","2198925014"
"1947","2198928886"
"1948","2198929158"
"1949","2199261919"
"1950","2199611432"
"1951","2199615494"
"1952","2199961165"
"1953","2200288919"
"1954","2200301686"
"1955","2229973318"
"1956","2230642295"
"1957","2230646124"
"1958","2230646168"
"1959","2230983145"
"1960","2231302306"
"1961","2228910941"
"1962","5813003348"
"1963","2076119289"
"1964","2168524681"
"1965","2168533487"
"1966","2168869893"
"1967","2169219786"
"1968","2169224232"
"1969","2199218544"
"1970","2199559677"
"1971","5812994785"
"1972","5813001792"
"1973","5813003358"
"1974","5813003362"
"1975","5813004665"
"1976","5813004702"
"1977","5813039420"
"1978","5813061255"
"1979","5813068337"
"1980","1920603834"
"1981","1920603934"
"1982","1920608152"
"1983","1920944950"
"1984","1920949241"
"1985","1921290382"
"1986","1921290498"
"1987","1921294743"
"1988","1921635613"
"1989","1921635826"
"1990","1921639938"
"1991","1950956576"
"1992","1951297341"
"1993","1951297564"
"1994","1951634193"
"1995","1951638298"
"1996","1951638332"
"1997","1951638336"
"1998","1951638388"
"1999","1951638640"
"2000","1951638643"
"2001","1951642477"
"2002","1951642748"
"2003","1951642829"
"2004","1951642867"
"2005","1951643003"
"2006","1951643042"
"2007","1951983985"
"2008","1951987988"
"2009","1951988087"
"2010","1951988130"
"2011","1951992717"
"2012","1952329239"
"2013","1952333490"
"2014","1952333815"
"2015","1952674925"
"2016","1953020443"
"2017","1981650415"
"2018","1981991229"
"2019","1981991471"
"2020","1981991527"
"2021","1981995502"
"2022","1982328174"
"2023","1982332176"
"2024","1982332225"
"2025","1982336521"
"2026","1982341093"
"2027","1982669243"
"2028","1982669251"
"2029","1982673199"
"2030","1983032017"
"2031","1983032138"
"2032","1983359965"
"2033","1983364112"
"2034","1983373284"
"2035","1983696486"
"2036","1984050417"
"2037","2013021846"
"2038","2013022074"
"2039","2013363026"
"2040","2013366977"
"2041","2013371258"
"2042","2013375883"
"2043","2013708057"
"2044","2013712652"
"2045","2014057997"
"2046","2014394780"
"2047","2014398891"
"2048","2044056694"
"2049","2044061100"
"2050","5813097084"
"2051","2106467925"
"2052","2137161652"
"2053","2138189090"
"2054","5813039161"
"2055","2044786350"
"2056","2044786356"
"2057","2045127426"
"2058","2106497975"
"2059","2106822016"
"2060","2107162809"
"2061","2107521422"
"2062","2137856225"
"2063","2137856415"
"2064","2137861071"
"2065","2138197298"
"2066","2138197442"
"2067","2138197479"
"2068","2138552028"
"2069","2138888713"
"2070","2169573598"
"2071","2169578035"
"2072","2169918880"
"2073","5812999657"
"2074","5813039159"
"2075","1852097022"
"2076","2008972867"
"2077","2040348410"
"2078","2103104764"
"2079","2103423940"
"2080","2103445501"
"2081","2103445598"
"2082","2134122853"
"2083","2134122882"
"2084","2134126987"
"2085","2134127287"
"2086","2134131536"
"2087","2134472295"
"2088","2134476973"
"2089","2164816415"
"2090","2164820664"
"2091","2164829632"
"2092","2165157407"
"2093","2165161890"
"2094","2165161934"
"2095","2165161941"
"2096","2165161986"
"2097","2165170687"
"2098","2165502570"
"2099","2165843950"
"2100","2165852860"
"2101","2196191950"
"2102","2196533087"
"2103","2196874754"
"2104","2196883380"
"2105","2227227187"
"2106","2227231570"
"2107","2227235482"
"2108","5813004152"
"2109","5813004153"
"2110","2011705565"
"2111","2011705714"
"2112","2012046487"
"2113","2012728682"
"2114","2042390750"
"2115","2042395169"
"2116","2042399821"
"2117","2042403029"
"2118","2042731911"
"2119","2042740780"
"2120","2043081104"
"2121","2043418105"
"2122","2043422490"
"2123","2043762933"
"2124","2073067325"
"2125","2073071226"
"2126","2073075444"
"2127","2073075693"
"2128","2073408400"
"2129","2073408606"
"2130","2073416969"
"2131","2073425846"
"2132","2073753413"
"2133","2073766750"
"2134","2073775281"
"2135","2073775513"
"2136","2074098768"
"2137","2074435977"
"2138","2074440282"
"2139","2074785707"
"2140","2104452085"
"2141","2104788476"
"2142","2105470817"
"2143","2105488219"
"2144","1789021926"
"2145","1789022034"
"2146","1789358560"
"2147","1789358636"
"2148","1789363459"
"2149","1789363477"
"2150","1820384758"
"2151","1820388536"
"2152","1820388753"
"2153","1820388940"
"2154","1851756588"
"2155","1851756810"
"2156","1851756822"
"2157","1851756941"
"2158","1851756963"
"2159","1851756979"
"2160","1851756980"
"2161","1851757063"
"2162","1851757133"
"2163","1914162372"
"2164","1914162448"
"2165","1976232101"
"2166","2007603825"
"2167","2007604080"
"2168","2007604084"
"2169","2008632383"
"2170","2038634459"
"2171","2038638823"
"2172","2038638855"
"2173","2038980773"
"2174","2039317327"
"2175","2039321461"
"2176","2039662922"
"2177","2040008036"
"2178","2070014719"
"2179","2070351714"
"2180","2070351862"
"2181","2070688701"
"2182","2070688742"
"2183","2070693048"
"2184","2071033930"
"2185","2071034348"
"2186","2071388678"
"2187","2101387048"
"2188","2101390910"
"2189","2101719157"
"2190","2101723693"
"2191","2101728116"
"2192","2102060515"
"2193","2102068842"
"2194","2102069089"
"2195","2102077568"
"2196","2102392518"
"2197","2102405375"
"2198","2132421402"
"2199","2132422384"
"2200","2133103556"
"2201","2133103826"
"2202","2164134181"
"2203","2164143348"
"2204","2164151407"
"2205","2195869005"
"2206","2226200192"
"2207","2226204314"
"2208","2226898943"
"2209","2226899124"
"2210","2226903221"
"2211","2256897823"
"2212","2257575800"
"2213","2257912736"
"2214","2257912884"
"2215","2288269260"
"2216","2288278071"
"2217","2288623347"
"2218","2288947134"
"2219","2288956462"
"2220","2289288554"
"2221","2321009831"
"2222","5812998302"
"2223","5812998303"
"2224","5812998311"
"2225","5813000161"
"2226","5813004119"
"2227","5813004627"
"2228","5813018842"
"2229","5813018849"
"2230","5813018852"
"2231","5813039424"
"2232","5813039425"
"2233","5813039429"
"2234","5813046525"
"2235","5813046526"
"2236","5813049745"
"2237","5813049934"
"2238","5813050022"
"2239","5813050720"
"2240","5813050750"
"2241","5813050751"
"2242","5813057546"
"2243","5813057594"
"2244","5813069112"
"2245","5813075753"
"2246","5813078599"
"2247","5901203878"
"2248","2197163510"
"2249","2228544091"
"2250","5812992945"
"2251","5813039311"
"2252","2196209657"
"2253","2196210183"
"2254","2196551437"
"2255","2226903464"
"2256","2227581344"
"2257","2227585673"
"2258","2227585815"
"2259","2228263505"
"2260","2228263741"
"2261","2228268269"
"2262","2228268375"
"2263","2228609139"
"2264","2258279495"
"2265","2258611672"
"2266","2258612054"
"2267","2258961231"
"2268","2259298398"
"2269","2259298572"
"2270","2259298672"
"2271","2259306458"
"2272","2288964632"
"2273","2289314276"
"2274","2289646946"
"2275","2289983912"
"2276","2290328902"
"2277","5813004154"
"2278","5813005064"
"2279","5813005517"
"2280","5813034749"
"2281","5813042599"
"2282","5813042602"
"2283","5813042603"
"2284","5813042606"
"2285","5813042607"
"2286","5813050739"
"2287","2074116622"
"2288","2166197557"
"2289","2166197621"
"2290","2198247262"
"2291","2229282379"
"2292","5901194801"
"2293","2166193954"
"2294","2166193959"
"2295","2166197821"
"2296","2166539331"
"2297","2197219986"
"2298","2197220063"
"2299","2197220186"
"2300","2197224127"
"2301","2197224226"
"2302","2197228908"
"2303","2197232766"
"2304","2197561253"
"2305","2197569253"
"2306","2197573388"
"2307","2227905434"
"2308","2228246155"
"2309","2228246513"
"2310","2228246655"
"2311","2228250216"
"2312","2228250233"
"2313","2228250411"
"2314","2228250473"
"2315","2228250557"
"2316","2228254382"
"2317","2228258843"
"2318","2228595477"
"2319","2228600233"
"2320","2228604837"
"2321","2228609001"
"2322","2228609065"
"2323","2228609140"
"2324","2228609200"
"2325","2228936836"
"2326","2228936935"
"2327","2228937182"
"2328","2228941758"
"2329","2228950485"
"2330","2228950512"
"2331","2258930998"
"2332","2258931499"
"2333","2259281302"
"2334","2259281518"
"2335","2259293804"
"2336","2259621572"
"2337","2259630860"
"2338","2259639403"
"2339","2259639442"
"2340","2259643501"
"2341","2259962903"
"2342","2259967555"
"2343","2289974519"
"2344","2290307156"
"2345","2290320612"
"2346","2290653097"
"2347","2291002542"
"2348","2291006502"
"2349","2323379824"
"2350","5812999642"
"2351","5812999644"
"2352","5812999645"
"2353","5812999647"
"2354","5813003753"
"2355","5813005525"
"2356","5813005526"
"2357","5813005545"
"2358","5813005551"
"2359","5813005553"
"2360","5813005563"
"2361","5813040472"
"2362","5813068224"
"2363","5813068349"
"2364","5813077121"
"2365","5813077853"
"2366","5901195871"
"2367","5901197739"
"2368","5901206247"
"2369","1919606824"
"2370","1919606852"
"2371","1919611150"
"2372","1919947917"
"2373","1919947985"
"2374","1919952117"
"2375","1919952136"
"2376","1919952145"
"2377","1919956523"
"2378","1919956557"
"2379","1920288829"
"2380","1920292924"
"2381","1920292932"
"2382","1920292983"
"2383","1920297251"
"2384","1920297317"
"2385","1920633993"
"2386","1920634004"
"2387","1949959597"
"2388","1949963653"
"2389","1949963738"
"2390","1949963933"
"2391","1949967960"
"2392","1949968014"
"2393","1949968022"
"2394","1950300694"
"2395","1950304683"
"2396","1950304912"
"2397","1950304963"
"2398","1950305000"
"2399","1950309168"
"2400","1950637186"
"2401","1950641434"
"2402","1950641537"
"2403","1950641562"
"2404","1950645340"
"2405","1950645499"
"2406","1950645656"
"2407","1950649874"
"2408","1950649953"
"2409","1950654449"
"2410","1950654496"
"2411","1950982362"
"2412","1950982707"
"2413","1950995241"
"2414","1950995474"
"2415","1950995575"
"2416","1950995585"
"2417","1951331796"
"2418","1951331995"
"2419","1951672911"
"2420","1980325289"
"2421","1980329783"
"2422","1980657565"
"2423","1980661413"
"2424","1980666391"
"2425","1980998276"
"2426","1980998346"
"2427","1981339518"
"2428","1981343850"
"2429","1981348270"
"2430","1981352722"
"2431","1981671971"
"2432","1981672040"
"2433","1981680090"
"2434","1981680143"
"2435","1981684610"
"2436","1981693564"
"2437","1982030363"
"2438","1982358534"
"2439","1982703607"
"2440","2011359759"
"2441","2011692507"
"2442","2012710720"
"2443","2013052474"
"2444","2041035008"
"2445","5813000717"
"2446","5813000800"
"2447","5813001367"
"2448","5813060361"
"2449","5901194947"
"2450","1950978227"
"2451","1952009816"
"2452","1980325211"
"2453","1980329576"
"2454","1980329632"
"2455","1983036540"
"2456","1983036578"
"2457","1983040829"
"2458","1983044890"
"2459","1983377791"
"2460","1983381548"
"2461","1983381579"
"2462","1983381746"
"2463","1983381965"
"2464","1983718771"
"2465","1983727221"
"2466","2011023253"
"2467","2011023423"
"2468","2011023513"
"2469","2011023562"
"2470","2011364502"
"2471","2011364607"
"2472","2011364702"
"2473","2011701376"
"2474","2011705413"
"2475","2013734421"
"2476","2013734557"
"2477","2013751841"
"2478","2014084415"
"2479","2014749251"
"2480","2042057871"
"2481","2043741893"
"2482","2044769231"
"2483","2045105779"
"2484","2045459990"
"2485","2046128726"
"2486","1758327834"
"2487","1820720998"
"2488","1821403618"
"2489","1821744519"
"2490","1947576980"
"2491","1947577039"
"2492","1947580951"
"2493","1947584968"
"2494","1947921782"
"2495","1947925992"
"2496","1947926043"
"2497","1947926093"
"2498","1947926117"
"2499","1948249993"
"2500","1948262532"
"2501","1948271485"
"2502","1948595057"
"2503","1948595517"
"2504","1948599372"
"2505","1948613071"
"2506","1948940756"
"2507","1949273327"
"2508","1949277120"
"2509","1949281715"
"2510","1978615737"
"2511","1979306126"
"2512","1979984195"
"2513","1979984203"
"2514","1979988708"
"2515","2009654721"
"2516","2010000253"
"2517","1821062392"
"2518","1821062620"
"2519","1914500150"
"2520","1949609807"
"2521","1949959710"
"2522","1980308137"
"2523","1980312450"
"2524","1980994340"
"2525","5813054967"
"2526","1979263232"
"2527","2009274786"
"2528","2009274855"
"2529","2009611617"
"2530","2009611976"
"2531","2009612004"
"2532","2069320377"
"2533","2163102697"
"2534","5813024340"
"2535","2100670439"
"2536","2131696932"
"2537","2132037566"
"2538","2256509698"
"2539","1855835989"
"2540","1669018043"
"2541","1760080402"
"2542","1852093746"
"2543","1947641125"
"2544","2041285497"
"2545","5813071357"
